path_id,class,name,name_href,collection,collection_href
2,TextAsset,credits,/Assets/View?Path=%7B%22C%22%3A%7B%22B%22%3A%7B%22P%22%3A%5B%5D%7D%2C%22I%22%3A0%7D%2C%22D%22%3A2%7D,sharedassets3.assets,/Collections/View?Path=%7B%22B%22%3A%7B%22P%22%3A%5B%5D%7D%2C%22I%22%3A0%7D
939,TextAsset,Esker_Eye,/Assets/View?Path=%7B%22C%22%3A%7B%22B%22%3A%7B%22P%22%3A%5B%5D%7D%2C%22I%22%3A1%7D%2C%22D%22%3A939%7D,sharedassets2.assets,/Collections/View?Path=%7B%22B%22%3A%7B%22P%22%3A%5B%5D%7D%2C%22I%22%3A1%7D
940,TextAsset,SatellitePlaque_Eye,/Assets/View?Path=%7B%22C%22%3A%7B%22B%22%3A%7B%22P%22%3A%5B%5D%7D%2C%22I%22%3A1%7D%2C%22D%22%3A940%7D,sharedassets2.assets,/Collections/View?Path=%7B%22B%22%3A%7B%22P%22%3A%5B%5D%7D%2C%22I%22%3A1%7D
941,TextAsset,Chert_Eye,/Assets/View?Path=%7B%22C%22%3A%7B%22B%22%3A%7B%22P%22%3A%5B%5D%7D%2C%22I%22%3A1%7D%2C%22D%22%3A941%7D,sharedassets2.assets,/Collections/View?Path=%7B%22B%22%3A%7B%22P%22%3A%5B%5D%7D%2C%22I%22%3A1%7D
942,TextAsset,Prisoner_Eye_Campfire,/Assets/View?Path=%7B%22C%22%3A%7B%22B%22%3A%7B%22P%22%3A%5B%5D%7D%2C%22I%22%3A1%7D%2C%22D%22%3A942%7D,sharedassets2.assets,/Collections/View?Path=%7B%22B%22%3A%7B%22P%22%3A%5B%5D%7D%2C%22I%22%3A1%7D
943,TextAsset,SkullPlaque_Eye_ExploredComet,/Assets/View?Path=%7B%22C%22%3A%7B%22B%22%3A%7B%22P%22%3A%5B%5D%7D%2C%22I%22%3A1%7D%2C%22D%22%3A943%7D,sharedassets2.assets,/Collections/View?Path=%7B%22B%22%3A%7B%22P%22%3A%5B%5D%7D%2C%22I%22%3A1%7D
944,TextAsset,StarLifeCycle_Eye,/Assets/View?Path=%7B%22C%22%3A%7B%22B%22%3A%7B%22P%22%3A%5B%5D%7D%2C%22I%22%3A1%7D%2C%22D%22%3A944%7D,sharedassets2.assets,/Collections/View?Path=%7B%22B%22%3A%7B%22P%22%3A%5B%5D%7D%2C%22I%22%3A1%7D
945,TextAsset,Solanum_Eye,/Assets/View?Path=%7B%22C%22%3A%7B%22B%22%3A%7B%22P%22%3A%5B%5D%7D%2C%22I%22%3A1%7D%2C%22D%22%3A945%7D,sharedassets2.assets,/Collections/View?Path=%7B%22B%22%3A%7B%22P%22%3A%5B%5D%7D%2C%22I%22%3A1%7D
946,TextAsset,FishTankPlaque_Eye,/Assets/View?Path=%7B%22C%22%3A%7B%22B%22%3A%7B%22P%22%3A%5B%5D%7D%2C%22I%22%3A1%7D%2C%22D%22%3A946%7D,sharedassets2.assets,/Collections/View?Path=%7B%22B%22%3A%7B%22P%22%3A%5B%5D%7D%2C%22I%22%3A1%7D
947,TextAsset,SkullPlaque_Eye_FateUnknown,/Assets/View?Path=%7B%22C%22%3A%7B%22B%22%3A%7B%22P%22%3A%5B%5D%7D%2C%22I%22%3A1%7D%2C%22D%22%3A947%7D,sharedassets2.assets,/Collections/View?Path=%7B%22B%22%3A%7B%22P%22%3A%5B%5D%7D%2C%22I%22%3A1%7D
948,TextAsset,Gabbro_Eye,/Assets/View?Path=%7B%22C%22%3A%7B%22B%22%3A%7B%22P%22%3A%5B%5D%7D%2C%22I%22%3A1%7D%2C%22D%22%3A948%7D,sharedassets2.assets,/Collections/View?Path=%7B%22B%22%3A%7B%22P%22%3A%5B%5D%7D%2C%22I%22%3A1%7D
949,TextAsset,ProbePlaque_Eye,/Assets/View?Path=%7B%22C%22%3A%7B%22B%22%3A%7B%22P%22%3A%5B%5D%7D%2C%22I%22%3A1%7D%2C%22D%22%3A949%7D,sharedassets2.assets,/Collections/View?Path=%7B%22B%22%3A%7B%22P%22%3A%5B%5D%7D%2C%22I%22%3A1%7D
950,TextAsset,FoundingMembersPlaque_Eye,/Assets/View?Path=%7B%22C%22%3A%7B%22B%22%3A%7B%22P%22%3A%5B%5D%7D%2C%22I%22%3A1%7D%2C%22D%22%3A950%7D,sharedassets2.assets,/Collections/View?Path=%7B%22B%22%3A%7B%22P%22%3A%5B%5D%7D%2C%22I%22%3A1%7D
951,TextAsset,Prisoner_Eye_Choice,/Assets/View?Path=%7B%22C%22%3A%7B%22B%22%3A%7B%22P%22%3A%5B%5D%7D%2C%22I%22%3A1%7D%2C%22D%22%3A951%7D,sharedassets2.assets,/Collections/View?Path=%7B%22B%22%3A%7B%22P%22%3A%5B%5D%7D%2C%22I%22%3A1%7D
952,TextAsset,Feldspar_Eye,/Assets/View?Path=%7B%22C%22%3A%7B%22B%22%3A%7B%22P%22%3A%5B%5D%7D%2C%22I%22%3A1%7D%2C%22D%22%3A952%7D,sharedassets2.assets,/Collections/View?Path=%7B%22B%22%3A%7B%22P%22%3A%5B%5D%7D%2C%22I%22%3A1%7D
953,TextAsset,Riebeck_Eye,/Assets/View?Path=%7B%22C%22%3A%7B%22B%22%3A%7B%22P%22%3A%5B%5D%7D%2C%22I%22%3A1%7D%2C%22D%22%3A953%7D,sharedassets2.assets,/Collections/View?Path=%7B%22B%22%3A%7B%22P%22%3A%5B%5D%7D%2C%22I%22%3A1%7D
7366,TextAsset,CT_Trail_ExperimentToCity,/Assets/View?Path=%7B%22C%22%3A%7B%22B%22%3A%7B%22P%22%3A%5B%5D%7D%2C%22I%22%3A4%7D%2C%22D%22%3A7366%7D,sharedassets1.assets,/Collections/View?Path=%7B%22B%22%3A%7B%22P%22%3A%5B%5D%7D%2C%22I%22%3A4%7D
7367,TextAsset,BH_City_Journal_OlderIlex,/Assets/View?Path=%7B%22C%22%3A%7B%22B%22%3A%7B%22P%22%3A%5B%5D%7D%2C%22I%22%3A4%7D%2C%22D%22%3A7367%7D,sharedassets1.assets,/Collections/View?Path=%7B%22B%22%3A%7B%22P%22%3A%5B%5D%7D%2C%22I%22%3A4%7D
7368,TextAsset,QM_Shrine_QuantumClues_2,/Assets/View?Path=%7B%22C%22%3A%7B%22B%22%3A%7B%22P%22%3A%5B%5D%7D%2C%22I%22%3A4%7D%2C%22D%22%3A7368%7D,sharedassets1.assets,/Collections/View?Path=%7B%22B%22%3A%7B%22P%22%3A%5B%5D%7D%2C%22I%22%3A4%7D
7369,TextAsset,TH_Trail_MiningSite,/Assets/View?Path=%7B%22C%22%3A%7B%22B%22%3A%7B%22P%22%3A%5B%5D%7D%2C%22I%22%3A4%7D%2C%22D%22%3A7369%7D,sharedassets1.assets,/Collections/View?Path=%7B%22B%22%3A%7B%22P%22%3A%5B%5D%7D%2C%22I%22%3A4%7D
7370,TextAsset,QM_SolanumConvo_Response_Identify+You,/Assets/View?Path=%7B%22C%22%3A%7B%22B%22%3A%7B%22P%22%3A%5B%5D%7D%2C%22I%22%3A4%7D%2C%22D%22%3A7370%7D,sharedassets1.assets,/Collections/View?Path=%7B%22B%22%3A%7B%22P%22%3A%5B%5D%7D%2C%22I%22%3A4%7D
7371,TextAsset,QuantumShardPlaque_2,/Assets/View?Path=%7B%22C%22%3A%7B%22B%22%3A%7B%22P%22%3A%5B%5D%7D%2C%22I%22%3A4%7D%2C%22D%22%3A7371%7D,sharedassets1.assets,/Collections/View?Path=%7B%22B%22%3A%7B%22P%22%3A%5B%5D%7D%2C%22I%22%3A4%7D
7372,TextAsset,CT_Fossil_AnglerfishResearch,/Assets/View?Path=%7B%22C%22%3A%7B%22B%22%3A%7B%22P%22%3A%5B%5D%7D%2C%22I%22%3A4%7D%2C%22D%22%3A7372%7D,sharedassets1.assets,/Collections/View?Path=%7B%22B%22%3A%7B%22P%22%3A%5B%5D%7D%2C%22I%22%3A4%7D
7373,TextAsset,CT_EscapePod_FossilDiscovery,/Assets/View?Path=%7B%22C%22%3A%7B%22B%22%3A%7B%22P%22%3A%5B%5D%7D%2C%22I%22%3A4%7D%2C%22D%22%3A7373%7D,sharedassets1.assets,/Collections/View?Path=%7B%22B%22%3A%7B%22P%22%3A%5B%5D%7D%2C%22I%22%3A4%7D
7374,TextAsset,QM_Shuttle_IlexRecording,/Assets/View?Path=%7B%22C%22%3A%7B%22B%22%3A%7B%22P%22%3A%5B%5D%7D%2C%22I%22%3A4%7D%2C%22D%22%3A7374%7D,sharedassets1.assets,/Collections/View?Path=%7B%22B%22%3A%7B%22P%22%3A%5B%5D%7D%2C%22I%22%3A4%7D
7375,TextAsset,GD_Quantum_Entrance_2,/Assets/View?Path=%7B%22C%22%3A%7B%22B%22%3A%7B%22P%22%3A%5B%5D%7D%2C%22I%22%3A4%7D%2C%22D%22%3A7375%7D,sharedassets1.assets,/Collections/View?Path=%7B%22B%22%3A%7B%22P%22%3A%5B%5D%7D%2C%22I%22%3A4%7D
7376,TextAsset,SS_ClosingEmergencyDoor,/Assets/View?Path=%7B%22C%22%3A%7B%22B%22%3A%7B%22P%22%3A%5B%5D%7D%2C%22I%22%3A4%7D%2C%22D%22%3A7376%7D,sharedassets1.assets,/Collections/View?Path=%7B%22B%22%3A%7B%22P%22%3A%5B%5D%7D%2C%22I%22%3A4%7D
7377,TextAsset,BH_Trail_BlackHoleForgeToSurface,/Assets/View?Path=%7B%22C%22%3A%7B%22B%22%3A%7B%22P%22%3A%5B%5D%7D%2C%22I%22%3A4%7D%2C%22D%22%3A7377%7D,sharedassets1.assets,/Collections/View?Path=%7B%22B%22%3A%7B%22P%22%3A%5B%5D%7D%2C%22I%22%3A4%7D
7378,TextAsset,QM_SolanumConvo_Response_QuantumMoon+Me,/Assets/View?Path=%7B%22C%22%3A%7B%22B%22%3A%7B%22P%22%3A%5B%5D%7D%2C%22I%22%3A4%7D%2C%22D%22%3A7378%7D,sharedassets1.assets,/Collections/View?Path=%7B%22B%22%3A%7B%22P%22%3A%5B%5D%7D%2C%22I%22%3A4%7D
7379,TextAsset,GD_StatueIsland_FirstMemoryStatueTest,/Assets/View?Path=%7B%22C%22%3A%7B%22B%22%3A%7B%22P%22%3A%5B%5D%7D%2C%22I%22%3A4%7D%2C%22D%22%3A7379%7D,sharedassets1.assets,/Collections/View?Path=%7B%22B%22%3A%7B%22P%22%3A%5B%5D%7D%2C%22I%22%3A4%7D
7380,TextAsset,TT_TimeLoop_Timeline_2,/Assets/View?Path=%7B%22C%22%3A%7B%22B%22%3A%7B%22P%22%3A%5B%5D%7D%2C%22I%22%3A4%7D%2C%22D%22%3A7380%7D,sharedassets1.assets,/Collections/View?Path=%7B%22B%22%3A%7B%22P%22%3A%5B%5D%7D%2C%22I%22%3A4%7D
7381,TextAsset,TT_Tower_CT,/Assets/View?Path=%7B%22C%22%3A%7B%22B%22%3A%7B%22P%22%3A%5B%5D%7D%2C%22I%22%3A4%7D%2C%22D%22%3A7381%7D,sharedassets1.assets,/Collections/View?Path=%7B%22B%22%3A%7B%22P%22%3A%5B%5D%7D%2C%22I%22%3A4%7D
7382,TextAsset,QM_SolanumConvo_Response_Eye+Me,/Assets/View?Path=%7B%22C%22%3A%7B%22B%22%3A%7B%22P%22%3A%5B%5D%7D%2C%22I%22%3A4%7D%2C%22D%22%3A7382%7D,sharedassets1.assets,/Collections/View?Path=%7B%22B%22%3A%7B%22P%22%3A%5B%5D%7D%2C%22I%22%3A4%7D
7383,TextAsset,TT_TimeLoop_Timeline_7,/Assets/View?Path=%7B%22C%22%3A%7B%22B%22%3A%7B%22P%22%3A%5B%5D%7D%2C%22I%22%3A4%7D%2C%22D%22%3A7383%7D,sharedassets1.assets,/Collections/View?Path=%7B%22B%22%3A%7B%22P%22%3A%5B%5D%7D%2C%22I%22%3A4%7D
7384,TextAsset,OPC_ModuleSign_3,/Assets/View?Path=%7B%22C%22%3A%7B%22B%22%3A%7B%22P%22%3A%5B%5D%7D%2C%22I%22%3A4%7D%2C%22D%22%3A7384%7D,sharedassets1.assets,/Collections/View?Path=%7B%22B%22%3A%7B%22P%22%3A%5B%5D%7D%2C%22I%22%3A4%7D
7385,TextAsset,CT_EscapePod_FlightLog,/Assets/View?Path=%7B%22C%22%3A%7B%22B%22%3A%7B%22P%22%3A%5B%5D%7D%2C%22I%22%3A4%7D%2C%22D%22%3A7385%7D,sharedassets1.assets,/Collections/View?Path=%7B%22B%22%3A%7B%22P%22%3A%5B%5D%7D%2C%22I%22%3A4%7D
7386,TextAsset,QM_SolanumConvo_Response_Identify+Explain,/Assets/View?Path=%7B%22C%22%3A%7B%22B%22%3A%7B%22P%22%3A%5B%5D%7D%2C%22I%22%3A4%7D%2C%22D%22%3A7386%7D,sharedassets1.assets,/Collections/View?Path=%7B%22B%22%3A%7B%22P%22%3A%5B%5D%7D%2C%22I%22%3A4%7D
7387,TextAsset,Arkose_GhostMatter,/Assets/View?Path=%7B%22C%22%3A%7B%22B%22%3A%7B%22P%22%3A%5B%5D%7D%2C%22I%22%3A4%7D%2C%22D%22%3A7387%7D,sharedassets1.assets,/Collections/View?Path=%7B%22B%22%3A%7B%22P%22%3A%5B%5D%7D%2C%22I%22%3A4%7D
7388,TextAsset,BH_OldSettlement_Flavor_3,/Assets/View?Path=%7B%22C%22%3A%7B%22B%22%3A%7B%22P%22%3A%5B%5D%7D%2C%22I%22%3A4%7D%2C%22D%22%3A7388%7D,sharedassets1.assets,/Collections/View?Path=%7B%22B%22%3A%7B%22P%22%3A%5B%5D%7D%2C%22I%22%3A4%7D
7389,TextAsset,BH_OldSettlement_ChildrensRhyme,/Assets/View?Path=%7B%22C%22%3A%7B%22B%22%3A%7B%22P%22%3A%5B%5D%7D%2C%22I%22%3A4%7D%2C%22D%22%3A7389%7D,sharedassets1.assets,/Collections/View?Path=%7B%22B%22%3A%7B%22P%22%3A%5B%5D%7D%2C%22I%22%3A4%7D
7390,TextAsset,Gneiss,/Assets/View?Path=%7B%22C%22%3A%7B%22B%22%3A%7B%22P%22%3A%5B%5D%7D%2C%22I%22%3A4%7D%2C%22D%22%3A7390%7D,sharedassets1.assets,/Collections/View?Path=%7B%22B%22%3A%7B%22P%22%3A%5B%5D%7D%2C%22I%22%3A4%7D
7391,TextAsset,GD_ConstructionYard_LaunchReport,/Assets/View?Path=%7B%22C%22%3A%7B%22B%22%3A%7B%22P%22%3A%5B%5D%7D%2C%22I%22%3A4%7D%2C%22D%22%3A7391%7D,sharedassets1.assets,/Collections/View?Path=%7B%22B%22%3A%7B%22P%22%3A%5B%5D%7D%2C%22I%22%3A4%7D
7392,TextAsset,Tombstone_2,/Assets/View?Path=%7B%22C%22%3A%7B%22B%22%3A%7B%22P%22%3A%5B%5D%7D%2C%22I%22%3A4%7D%2C%22D%22%3A7392%7D,sharedassets1.assets,/Collections/View?Path=%7B%22B%22%3A%7B%22P%22%3A%5B%5D%7D%2C%22I%22%3A4%7D
7393,TextAsset,CT_Trail_CannonToCity,/Assets/View?Path=%7B%22C%22%3A%7B%22B%22%3A%7B%22P%22%3A%5B%5D%7D%2C%22I%22%3A4%7D%2C%22D%22%3A7393%7D,sharedassets1.assets,/Collections/View?Path=%7B%22B%22%3A%7B%22P%22%3A%5B%5D%7D%2C%22I%22%3A4%7D
7394,TextAsset,FoundingMembersPlaque,/Assets/View?Path=%7B%22C%22%3A%7B%22B%22%3A%7B%22P%22%3A%5B%5D%7D%2C%22I%22%3A4%7D%2C%22D%22%3A7394%7D,sharedassets1.assets,/Collections/View?Path=%7B%22B%22%3A%7B%22P%22%3A%5B%5D%7D%2C%22I%22%3A4%7D
7395,TextAsset,TT_Tower_SS_1,/Assets/View?Path=%7B%22C%22%3A%7B%22B%22%3A%7B%22P%22%3A%5B%5D%7D%2C%22I%22%3A4%7D%2C%22D%22%3A7395%7D,sharedassets1.assets,/Collections/View?Path=%7B%22B%22%3A%7B%22P%22%3A%5B%5D%7D%2C%22I%22%3A4%7D
7396,TextAsset,ScoutPlaque_East,/Assets/View?Path=%7B%22C%22%3A%7B%22B%22%3A%7B%22P%22%3A%5B%5D%7D%2C%22I%22%3A4%7D%2C%22D%22%3A7396%7D,sharedassets1.assets,/Collections/View?Path=%7B%22B%22%3A%7B%22P%22%3A%5B%5D%7D%2C%22I%22%3A4%7D
7397,TextAsset,GD_Quantum_PuzzleHint_4,/Assets/View?Path=%7B%22C%22%3A%7B%22B%22%3A%7B%22P%22%3A%5B%5D%7D%2C%22I%22%3A4%7D%2C%22D%22%3A7397%7D,sharedassets1.assets,/Collections/View?Path=%7B%22B%22%3A%7B%22P%22%3A%5B%5D%7D%2C%22I%22%3A4%7D
7398,TextAsset,Hal_Museum,/Assets/View?Path=%7B%22C%22%3A%7B%22B%22%3A%7B%22P%22%3A%5B%5D%7D%2C%22I%22%3A4%7D%2C%22D%22%3A7398%7D,sharedassets1.assets,/Collections/View?Path=%7B%22B%22%3A%7B%22P%22%3A%5B%5D%7D%2C%22I%22%3A4%7D
7399,TextAsset,BrittleHollow,/Assets/View?Path=%7B%22C%22%3A%7B%22B%22%3A%7B%22P%22%3A%5B%5D%7D%2C%22I%22%3A4%7D%2C%22D%22%3A7399%7D,sharedassets1.assets,/Collections/View?Path=%7B%22B%22%3A%7B%22P%22%3A%5B%5D%7D%2C%22I%22%3A4%7D
7400,TextAsset,QM_SolanumConvo_Response_Explain+You,/Assets/View?Path=%7B%22C%22%3A%7B%22B%22%3A%7B%22P%22%3A%5B%5D%7D%2C%22I%22%3A4%7D%2C%22D%22%3A7400%7D,sharedassets1.assets,/Collections/View?Path=%7B%22B%22%3A%7B%22P%22%3A%5B%5D%7D%2C%22I%22%3A4%7D
7401,TextAsset,TT_TimeLoop_Timeline_3a,/Assets/View?Path=%7B%22C%22%3A%7B%22B%22%3A%7B%22P%22%3A%5B%5D%7D%2C%22I%22%3A4%7D%2C%22D%22%3A7401%7D,sharedassets1.assets,/Collections/View?Path=%7B%22B%22%3A%7B%22P%22%3A%5B%5D%7D%2C%22I%22%3A4%7D
7402,TextAsset,BH_City_School_FestivalLesson,/Assets/View?Path=%7B%22C%22%3A%7B%22B%22%3A%7B%22P%22%3A%5B%5D%7D%2C%22I%22%3A4%7D%2C%22D%22%3A7402%7D,sharedassets1.assets,/Collections/View?Path=%7B%22B%22%3A%7B%22P%22%3A%5B%5D%7D%2C%22I%22%3A4%7D
7403,TextAsset,GD_Quantum_PuzzleHint_3,/Assets/View?Path=%7B%22C%22%3A%7B%22B%22%3A%7B%22P%22%3A%5B%5D%7D%2C%22I%22%3A4%7D%2C%22D%22%3A7403%7D,sharedassets1.assets,/Collections/View?Path=%7B%22B%22%3A%7B%22P%22%3A%5B%5D%7D%2C%22I%22%3A4%7D
7404,TextAsset,BH_OldSettlement_MigrationPlan,/Assets/View?Path=%7B%22C%22%3A%7B%22B%22%3A%7B%22P%22%3A%5B%5D%7D%2C%22I%22%3A4%7D%2C%22D%22%3A7404%7D,sharedassets1.assets,/Collections/View?Path=%7B%22B%22%3A%7B%22P%22%3A%5B%5D%7D%2C%22I%22%3A4%7D
7405,TextAsset,Prisoner_Prison,/Assets/View?Path=%7B%22C%22%3A%7B%22B%22%3A%7B%22P%22%3A%5B%5D%7D%2C%22I%22%3A4%7D%2C%22D%22%3A7405%7D,sharedassets1.assets,/Collections/View?Path=%7B%22B%22%3A%7B%22P%22%3A%5B%5D%7D%2C%22I%22%3A4%7D
7406,TextAsset,Feldspar_JellyfishNotes_2,/Assets/View?Path=%7B%22C%22%3A%7B%22B%22%3A%7B%22P%22%3A%5B%5D%7D%2C%22I%22%3A4%7D%2C%22D%22%3A7406%7D,sharedassets1.assets,/Collections/View?Path=%7B%22B%22%3A%7B%22P%22%3A%5B%5D%7D%2C%22I%22%3A4%7D
7407,TextAsset,Hornfels_CampfireNote_Vanilla,/Assets/View?Path=%7B%22C%22%3A%7B%22B%22%3A%7B%22P%22%3A%5B%5D%7D%2C%22I%22%3A4%7D%2C%22D%22%3A7407%7D,sharedassets1.assets,/Collections/View?Path=%7B%22B%22%3A%7B%22P%22%3A%5B%5D%7D%2C%22I%22%3A4%7D
7408,TextAsset,TowerStatusComputer,/Assets/View?Path=%7B%22C%22%3A%7B%22B%22%3A%7B%22P%22%3A%5B%5D%7D%2C%22I%22%3A4%7D%2C%22D%22%3A7408%7D,sharedassets1.assets,/Collections/View?Path=%7B%22B%22%3A%7B%22P%22%3A%5B%5D%7D%2C%22I%22%3A4%7D
7409,TextAsset,QM_SolanumConvo_Response_Eye+QuantumMoon,/Assets/View?Path=%7B%22C%22%3A%7B%22B%22%3A%7B%22P%22%3A%5B%5D%7D%2C%22I%22%3A4%7D%2C%22D%22%3A7409%7D,sharedassets1.assets,/Collections/View?Path=%7B%22B%22%3A%7B%22P%22%3A%5B%5D%7D%2C%22I%22%3A4%7D
7410,TextAsset,Chert_QuantumMoonLocatorNotes,/Assets/View?Path=%7B%22C%22%3A%7B%22B%22%3A%7B%22P%22%3A%5B%5D%7D%2C%22I%22%3A4%7D%2C%22D%22%3A7410%7D,sharedassets1.assets,/Collections/View?Path=%7B%22B%22%3A%7B%22P%22%3A%5B%5D%7D%2C%22I%22%3A4%7D
7411,TextAsset,DB_EscapePod_CrashSiteRecording_2,/Assets/View?Path=%7B%22C%22%3A%7B%22B%22%3A%7B%22P%22%3A%5B%5D%7D%2C%22I%22%3A4%7D%2C%22D%22%3A7411%7D,sharedassets1.assets,/Collections/View?Path=%7B%22B%22%3A%7B%22P%22%3A%5B%5D%7D%2C%22I%22%3A4%7D
7412,TextAsset,VolcanicMoon,/Assets/View?Path=%7B%22C%22%3A%7B%22B%22%3A%7B%22P%22%3A%5B%5D%7D%2C%22I%22%3A4%7D%2C%22D%22%3A7412%7D,sharedassets1.assets,/Collections/View?Path=%7B%22B%22%3A%7B%22P%22%3A%5B%5D%7D%2C%22I%22%3A4%7D
7413,TextAsset,SS_EmergencyDoorLabel,/Assets/View?Path=%7B%22C%22%3A%7B%22B%22%3A%7B%22P%22%3A%5B%5D%7D%2C%22I%22%3A4%7D%2C%22D%22%3A7413%7D,sharedassets1.assets,/Collections/View?Path=%7B%22B%22%3A%7B%22P%22%3A%5B%5D%7D%2C%22I%22%3A4%7D
7414,TextAsset,BH_Quantum_ShrineNorthHint,/Assets/View?Path=%7B%22C%22%3A%7B%22B%22%3A%7B%22P%22%3A%5B%5D%7D%2C%22I%22%3A4%7D%2C%22D%22%3A7414%7D,sharedassets1.assets,/Collections/View?Path=%7B%22B%22%3A%7B%22P%22%3A%5B%5D%7D%2C%22I%22%3A4%7D
7415,TextAsset,StarLifeCycle02,/Assets/View?Path=%7B%22C%22%3A%7B%22B%22%3A%7B%22P%22%3A%5B%5D%7D%2C%22I%22%3A4%7D%2C%22D%22%3A7415%7D,sharedassets1.assets,/Collections/View?Path=%7B%22B%22%3A%7B%22P%22%3A%5B%5D%7D%2C%22I%22%3A4%7D
7416,TextAsset,GD_StatueIsland_WarpReceiverNote,/Assets/View?Path=%7B%22C%22%3A%7B%22B%22%3A%7B%22P%22%3A%5B%5D%7D%2C%22I%22%3A4%7D%2C%22D%22%3A7416%7D,sharedassets1.assets,/Collections/View?Path=%7B%22B%22%3A%7B%22P%22%3A%5B%5D%7D%2C%22I%22%3A4%7D
7417,TextAsset,CT_City_LightSwitch_4,/Assets/View?Path=%7B%22C%22%3A%7B%22B%22%3A%7B%22P%22%3A%5B%5D%7D%2C%22I%22%3A4%7D%2C%22D%22%3A7417%7D,sharedassets1.assets,/Collections/View?Path=%7B%22B%22%3A%7B%22P%22%3A%5B%5D%7D%2C%22I%22%3A4%7D
7418,TextAsset,C_Shuttle_OutsideRecording,/Assets/View?Path=%7B%22C%22%3A%7B%22B%22%3A%7B%22P%22%3A%5B%5D%7D%2C%22I%22%3A4%7D%2C%22D%22%3A7418%7D,sharedassets1.assets,/Collections/View?Path=%7B%22B%22%3A%7B%22P%22%3A%5B%5D%7D%2C%22I%22%3A4%7D
7419,TextAsset,BH_Quantum_TowerEntrance,/Assets/View?Path=%7B%22C%22%3A%7B%22B%22%3A%7B%22P%22%3A%5B%5D%7D%2C%22I%22%3A4%7D%2C%22D%22%3A7419%7D,sharedassets1.assets,/Collections/View?Path=%7B%22B%22%3A%7B%22P%22%3A%5B%5D%7D%2C%22I%22%3A4%7D
7420,TextAsset,BH_City_EyeShrine_2,/Assets/View?Path=%7B%22C%22%3A%7B%22B%22%3A%7B%22P%22%3A%5B%5D%7D%2C%22I%22%3A4%7D%2C%22D%22%3A7420%7D,sharedassets1.assets,/Collections/View?Path=%7B%22B%22%3A%7B%22P%22%3A%5B%5D%7D%2C%22I%22%3A4%7D
7421,TextAsset,CT_City_LightSwitch_3,/Assets/View?Path=%7B%22C%22%3A%7B%22B%22%3A%7B%22P%22%3A%5B%5D%7D%2C%22I%22%3A4%7D%2C%22D%22%3A7421%7D,sharedassets1.assets,/Collections/View?Path=%7B%22B%22%3A%7B%22P%22%3A%5B%5D%7D%2C%22I%22%3A4%7D
7422,TextAsset,BH_Forge_HourglassAlignment,/Assets/View?Path=%7B%22C%22%3A%7B%22B%22%3A%7B%22P%22%3A%5B%5D%7D%2C%22I%22%3A4%7D%2C%22D%22%3A7422%7D,sharedassets1.assets,/Collections/View?Path=%7B%22B%22%3A%7B%22P%22%3A%5B%5D%7D%2C%22I%22%3A4%7D
7423,TextAsset,CT_EscapePod_PathToCity_4,/Assets/View?Path=%7B%22C%22%3A%7B%22B%22%3A%7B%22P%22%3A%5B%5D%7D%2C%22I%22%3A4%7D%2C%22D%22%3A7423%7D,sharedassets1.assets,/Collections/View?Path=%7B%22B%22%3A%7B%22P%22%3A%5B%5D%7D%2C%22I%22%3A4%7D
7424,TextAsset,WhiteHole,/Assets/View?Path=%7B%22C%22%3A%7B%22B%22%3A%7B%22P%22%3A%5B%5D%7D%2C%22I%22%3A4%7D%2C%22D%22%3A7424%7D,sharedassets1.assets,/Collections/View?Path=%7B%22B%22%3A%7B%22P%22%3A%5B%5D%7D%2C%22I%22%3A4%7D
7425,TextAsset,DB_EscapePod_BrambleSeedRecording,/Assets/View?Path=%7B%22C%22%3A%7B%22B%22%3A%7B%22P%22%3A%5B%5D%7D%2C%22I%22%3A4%7D%2C%22D%22%3A7425%7D,sharedassets1.assets,/Collections/View?Path=%7B%22B%22%3A%7B%22P%22%3A%5B%5D%7D%2C%22I%22%3A4%7D
7426,TextAsset,CT_City_SunStationHint,/Assets/View?Path=%7B%22C%22%3A%7B%22B%22%3A%7B%22P%22%3A%5B%5D%7D%2C%22I%22%3A4%7D%2C%22D%22%3A7426%7D,sharedassets1.assets,/Collections/View?Path=%7B%22B%22%3A%7B%22P%22%3A%5B%5D%7D%2C%22I%22%3A4%7D
7427,TextAsset,BH_Trail_ForumDistrict,/Assets/View?Path=%7B%22C%22%3A%7B%22B%22%3A%7B%22P%22%3A%5B%5D%7D%2C%22I%22%3A4%7D%2C%22D%22%3A7427%7D,sharedassets1.assets,/Collections/View?Path=%7B%22B%22%3A%7B%22P%22%3A%5B%5D%7D%2C%22I%22%3A4%7D
7428,TextAsset,Chert_3,/Assets/View?Path=%7B%22C%22%3A%7B%22B%22%3A%7B%22P%22%3A%5B%5D%7D%2C%22I%22%3A4%7D%2C%22D%22%3A7428%7D,sharedassets1.assets,/Collections/View?Path=%7B%22B%22%3A%7B%22P%22%3A%5B%5D%7D%2C%22I%22%3A4%7D
7429,TextAsset,Esker,/Assets/View?Path=%7B%22C%22%3A%7B%22B%22%3A%7B%22P%22%3A%5B%5D%7D%2C%22I%22%3A4%7D%2C%22D%22%3A7429%7D,sharedassets1.assets,/Collections/View?Path=%7B%22B%22%3A%7B%22P%22%3A%5B%5D%7D%2C%22I%22%3A4%7D
7430,TextAsset,CT_Fossil_ExitHint,/Assets/View?Path=%7B%22C%22%3A%7B%22B%22%3A%7B%22P%22%3A%5B%5D%7D%2C%22I%22%3A4%7D%2C%22D%22%3A7430%7D,sharedassets1.assets,/Collections/View?Path=%7B%22B%22%3A%7B%22P%22%3A%5B%5D%7D%2C%22I%22%3A4%7D
7431,TextAsset,Gossan,/Assets/View?Path=%7B%22C%22%3A%7B%22B%22%3A%7B%22P%22%3A%5B%5D%7D%2C%22I%22%3A4%7D%2C%22D%22%3A7431%7D,sharedassets1.assets,/Collections/View?Path=%7B%22B%22%3A%7B%22P%22%3A%5B%5D%7D%2C%22I%22%3A4%7D
7432,TextAsset,DarkBramble,/Assets/View?Path=%7B%22C%22%3A%7B%22B%22%3A%7B%22P%22%3A%5B%5D%7D%2C%22I%22%3A4%7D%2C%22D%22%3A7432%7D,sharedassets1.assets,/Collections/View?Path=%7B%22B%22%3A%7B%22P%22%3A%5B%5D%7D%2C%22I%22%3A4%7D
7433,TextAsset,WH_TimeDelay_1,/Assets/View?Path=%7B%22C%22%3A%7B%22B%22%3A%7B%22P%22%3A%5B%5D%7D%2C%22I%22%3A4%7D%2C%22D%22%3A7433%7D,sharedassets1.assets,/Collections/View?Path=%7B%22B%22%3A%7B%22P%22%3A%5B%5D%7D%2C%22I%22%3A4%7D
7434,TextAsset,Tektite_ScoutNote,/Assets/View?Path=%7B%22C%22%3A%7B%22B%22%3A%7B%22P%22%3A%5B%5D%7D%2C%22I%22%3A4%7D%2C%22D%22%3A7434%7D,sharedassets1.assets,/Collections/View?Path=%7B%22B%22%3A%7B%22P%22%3A%5B%5D%7D%2C%22I%22%3A4%7D
7435,TextAsset,Gabbro_merge,/Assets/View?Path=%7B%22C%22%3A%7B%22B%22%3A%7B%22P%22%3A%5B%5D%7D%2C%22I%22%3A4%7D%2C%22D%22%3A7435%7D,sharedassets1.assets,/Collections/View?Path=%7B%22B%22%3A%7B%22P%22%3A%5B%5D%7D%2C%22I%22%3A4%7D
7436,TextAsset,TH_Mine_FindingHearthianLife,/Assets/View?Path=%7B%22C%22%3A%7B%22B%22%3A%7B%22P%22%3A%5B%5D%7D%2C%22I%22%3A4%7D%2C%22D%22%3A7436%7D,sharedassets1.assets,/Collections/View?Path=%7B%22B%22%3A%7B%22P%22%3A%5B%5D%7D%2C%22I%22%3A4%7D
7437,TextAsset,BH_Quantum_ShardDiscovery,/Assets/View?Path=%7B%22C%22%3A%7B%22B%22%3A%7B%22P%22%3A%5B%5D%7D%2C%22I%22%3A4%7D%2C%22D%22%3A7437%7D,sharedassets1.assets,/Collections/View?Path=%7B%22B%22%3A%7B%22P%22%3A%5B%5D%7D%2C%22I%22%3A4%7D
7438,TextAsset,TT_TimeLoop_Timeline_5,/Assets/View?Path=%7B%22C%22%3A%7B%22B%22%3A%7B%22P%22%3A%5B%5D%7D%2C%22I%22%3A4%7D%2C%22D%22%3A7438%7D,sharedassets1.assets,/Collections/View?Path=%7B%22B%22%3A%7B%22P%22%3A%5B%5D%7D%2C%22I%22%3A4%7D
7439,TextAsset,GD_StatueIsland_WorkshopSign,/Assets/View?Path=%7B%22C%22%3A%7B%22B%22%3A%7B%22P%22%3A%5B%5D%7D%2C%22I%22%3A4%7D%2C%22D%22%3A7439%7D,sharedassets1.assets,/Collections/View?Path=%7B%22B%22%3A%7B%22P%22%3A%5B%5D%7D%2C%22I%22%3A4%7D
7440,TextAsset,CT_City_EyeShrine_2,/Assets/View?Path=%7B%22C%22%3A%7B%22B%22%3A%7B%22P%22%3A%5B%5D%7D%2C%22I%22%3A4%7D%2C%22D%22%3A7440%7D,sharedassets1.assets,/Collections/View?Path=%7B%22B%22%3A%7B%22P%22%3A%5B%5D%7D%2C%22I%22%3A4%7D
7441,TextAsset,QM_SolanumConvo_Response_Explain+Eye,/Assets/View?Path=%7B%22C%22%3A%7B%22B%22%3A%7B%22P%22%3A%5B%5D%7D%2C%22I%22%3A4%7D%2C%22D%22%3A7441%7D,sharedassets1.assets,/Collections/View?Path=%7B%22B%22%3A%7B%22P%22%3A%5B%5D%7D%2C%22I%22%3A4%7D
7442,TextAsset,Tombstone_3,/Assets/View?Path=%7B%22C%22%3A%7B%22B%22%3A%7B%22P%22%3A%5B%5D%7D%2C%22I%22%3A4%7D%2C%22D%22%3A7442%7D,sharedassets1.assets,/Collections/View?Path=%7B%22B%22%3A%7B%22P%22%3A%5B%5D%7D%2C%22I%22%3A4%7D
7443,TextAsset,Shared_GD_ConstructionYard_BH_Observatory,/Assets/View?Path=%7B%22C%22%3A%7B%22B%22%3A%7B%22P%22%3A%5B%5D%7D%2C%22I%22%3A4%7D%2C%22D%22%3A7443%7D,sharedassets1.assets,/Collections/View?Path=%7B%22B%22%3A%7B%22P%22%3A%5B%5D%7D%2C%22I%22%3A4%7D
7444,TextAsset,CT_Trail_CityToExperiment,/Assets/View?Path=%7B%22C%22%3A%7B%22B%22%3A%7B%22P%22%3A%5B%5D%7D%2C%22I%22%3A4%7D%2C%22D%22%3A7444%7D,sharedassets1.assets,/Collections/View?Path=%7B%22B%22%3A%7B%22P%22%3A%5B%5D%7D%2C%22I%22%3A4%7D
7445,TextAsset,Esker_SignalscopeLog,/Assets/View?Path=%7B%22C%22%3A%7B%22B%22%3A%7B%22P%22%3A%5B%5D%7D%2C%22I%22%3A4%7D%2C%22D%22%3A7445%7D,sharedassets1.assets,/Collections/View?Path=%7B%22B%22%3A%7B%22P%22%3A%5B%5D%7D%2C%22I%22%3A4%7D
7446,TextAsset,Hornfels_SatelliteNote,/Assets/View?Path=%7B%22C%22%3A%7B%22B%22%3A%7B%22P%22%3A%5B%5D%7D%2C%22I%22%3A4%7D%2C%22D%22%3A7446%7D,sharedassets1.assets,/Collections/View?Path=%7B%22B%22%3A%7B%22P%22%3A%5B%5D%7D%2C%22I%22%3A4%7D
7447,TextAsset,QM_SolanumConvo_Response_Explain+QuantumMoon,/Assets/View?Path=%7B%22C%22%3A%7B%22B%22%3A%7B%22P%22%3A%5B%5D%7D%2C%22I%22%3A4%7D%2C%22D%22%3A7447%7D,sharedassets1.assets,/Collections/View?Path=%7B%22B%22%3A%7B%22P%22%3A%5B%5D%7D%2C%22I%22%3A4%7D
7448,TextAsset,Slate,/Assets/View?Path=%7B%22C%22%3A%7B%22B%22%3A%7B%22P%22%3A%5B%5D%7D%2C%22I%22%3A4%7D%2C%22D%22%3A7448%7D,sharedassets1.assets,/Collections/View?Path=%7B%22B%22%3A%7B%22P%22%3A%5B%5D%7D%2C%22I%22%3A4%7D
7449,TextAsset,Galena,/Assets/View?Path=%7B%22C%22%3A%7B%22B%22%3A%7B%22P%22%3A%5B%5D%7D%2C%22I%22%3A4%7D%2C%22D%22%3A7449%7D,sharedassets1.assets,/Collections/View?Path=%7B%22B%22%3A%7B%22P%22%3A%5B%5D%7D%2C%22I%22%3A4%7D
7450,TextAsset,AdditionalFounders,/Assets/View?Path=%7B%22C%22%3A%7B%22B%22%3A%7B%22P%22%3A%5B%5D%7D%2C%22I%22%3A4%7D%2C%22D%22%3A7450%7D,sharedassets1.assets,/Collections/View?Path=%7B%22B%22%3A%7B%22P%22%3A%5B%5D%7D%2C%22I%22%3A4%7D
7451,TextAsset,OrbitalProbeCannon,/Assets/View?Path=%7B%22C%22%3A%7B%22B%22%3A%7B%22P%22%3A%5B%5D%7D%2C%22I%22%3A4%7D%2C%22D%22%3A7451%7D,sharedassets1.assets,/Collections/View?Path=%7B%22B%22%3A%7B%22P%22%3A%5B%5D%7D%2C%22I%22%3A4%7D
7452,TextAsset,GravityShardPlaque,/Assets/View?Path=%7B%22C%22%3A%7B%22B%22%3A%7B%22P%22%3A%5B%5D%7D%2C%22I%22%3A4%7D%2C%22D%22%3A7452%7D,sharedassets1.assets,/Collections/View?Path=%7B%22B%22%3A%7B%22P%22%3A%5B%5D%7D%2C%22I%22%3A4%7D
7453,TextAsset,C_Interior_ChooseCarefullyRecording,/Assets/View?Path=%7B%22C%22%3A%7B%22B%22%3A%7B%22P%22%3A%5B%5D%7D%2C%22I%22%3A4%7D%2C%22D%22%3A7453%7D,sharedassets1.assets,/Collections/View?Path=%7B%22B%22%3A%7B%22P%22%3A%5B%5D%7D%2C%22I%22%3A4%7D
7454,TextAsset,StarLifeCycle03,/Assets/View?Path=%7B%22C%22%3A%7B%22B%22%3A%7B%22P%22%3A%5B%5D%7D%2C%22I%22%3A4%7D%2C%22D%22%3A7454%7D,sharedassets1.assets,/Collections/View?Path=%7B%22B%22%3A%7B%22P%22%3A%5B%5D%7D%2C%22I%22%3A4%7D
7455,TextAsset,Gabbro_2F,/Assets/View?Path=%7B%22C%22%3A%7B%22B%22%3A%7B%22P%22%3A%5B%5D%7D%2C%22I%22%3A4%7D%2C%22D%22%3A7455%7D,sharedassets1.assets,/Collections/View?Path=%7B%22B%22%3A%7B%22P%22%3A%5B%5D%7D%2C%22I%22%3A4%7D
7456,TextAsset,TimberHearth,/Assets/View?Path=%7B%22C%22%3A%7B%22B%22%3A%7B%22P%22%3A%5B%5D%7D%2C%22I%22%3A4%7D%2C%22D%22%3A7456%7D,sharedassets1.assets,/Collections/View?Path=%7B%22B%22%3A%7B%22P%22%3A%5B%5D%7D%2C%22I%22%3A4%7D
7457,TextAsset,ScoutPlaque_North,/Assets/View?Path=%7B%22C%22%3A%7B%22B%22%3A%7B%22P%22%3A%5B%5D%7D%2C%22I%22%3A4%7D%2C%22D%22%3A7457%7D,sharedassets1.assets,/Collections/View?Path=%7B%22B%22%3A%7B%22P%22%3A%5B%5D%7D%2C%22I%22%3A4%7D
7458,TextAsset,CaveTwin,/Assets/View?Path=%7B%22C%22%3A%7B%22B%22%3A%7B%22P%22%3A%5B%5D%7D%2C%22I%22%3A4%7D%2C%22D%22%3A7458%7D,sharedassets1.assets,/Collections/View?Path=%7B%22B%22%3A%7B%22P%22%3A%5B%5D%7D%2C%22I%22%3A4%7D
7459,TextAsset,CT_EscapePod_CrashSiteRecording,/Assets/View?Path=%7B%22C%22%3A%7B%22B%22%3A%7B%22P%22%3A%5B%5D%7D%2C%22I%22%3A4%7D%2C%22D%22%3A7459%7D,sharedassets1.assets,/Collections/View?Path=%7B%22B%22%3A%7B%22P%22%3A%5B%5D%7D%2C%22I%22%3A4%7D
7460,TextAsset,Shared_BH_Forge_TT_TimeLoopInterior,/Assets/View?Path=%7B%22C%22%3A%7B%22B%22%3A%7B%22P%22%3A%5B%5D%7D%2C%22I%22%3A4%7D%2C%22D%22%3A7460%7D,sharedassets1.assets,/Collections/View?Path=%7B%22B%22%3A%7B%22P%22%3A%5B%5D%7D%2C%22I%22%3A4%7D
7461,TextAsset,Sun,/Assets/View?Path=%7B%22C%22%3A%7B%22B%22%3A%7B%22P%22%3A%5B%5D%7D%2C%22I%22%3A4%7D%2C%22D%22%3A7461%7D,sharedassets1.assets,/Collections/View?Path=%7B%22B%22%3A%7B%22P%22%3A%5B%5D%7D%2C%22I%22%3A4%7D
7462,TextAsset,Riebeck_Journal_1,/Assets/View?Path=%7B%22C%22%3A%7B%22B%22%3A%7B%22P%22%3A%5B%5D%7D%2C%22I%22%3A4%7D%2C%22D%22%3A7462%7D,sharedassets1.assets,/Collections/View?Path=%7B%22B%22%3A%7B%22P%22%3A%5B%5D%7D%2C%22I%22%3A4%7D
7463,TextAsset,GD_Quantum_FinalRoom,/Assets/View?Path=%7B%22C%22%3A%7B%22B%22%3A%7B%22P%22%3A%5B%5D%7D%2C%22I%22%3A4%7D%2C%22D%22%3A7463%7D,sharedassets1.assets,/Collections/View?Path=%7B%22B%22%3A%7B%22P%22%3A%5B%5D%7D%2C%22I%22%3A4%7D
7464,TextAsset,BH_Trail_LeftToBlackholeForge,/Assets/View?Path=%7B%22C%22%3A%7B%22B%22%3A%7B%22P%22%3A%5B%5D%7D%2C%22I%22%3A4%7D%2C%22D%22%3A7464%7D,sharedassets1.assets,/Collections/View?Path=%7B%22B%22%3A%7B%22P%22%3A%5B%5D%7D%2C%22I%22%3A4%7D
7465,TextAsset,BH_Trail_EyeShrineDistrict,/Assets/View?Path=%7B%22C%22%3A%7B%22B%22%3A%7B%22P%22%3A%5B%5D%7D%2C%22I%22%3A4%7D%2C%22D%22%3A7465%7D,sharedassets1.assets,/Collections/View?Path=%7B%22B%22%3A%7B%22P%22%3A%5B%5D%7D%2C%22I%22%3A4%7D
7466,TextAsset,Riebeck,/Assets/View?Path=%7B%22C%22%3A%7B%22B%22%3A%7B%22P%22%3A%5B%5D%7D%2C%22I%22%3A4%7D%2C%22D%22%3A7466%7D,sharedassets1.assets,/Collections/View?Path=%7B%22B%22%3A%7B%22P%22%3A%5B%5D%7D%2C%22I%22%3A4%7D
7467,TextAsset,FishTankPlaque,/Assets/View?Path=%7B%22C%22%3A%7B%22B%22%3A%7B%22P%22%3A%5B%5D%7D%2C%22I%22%3A4%7D%2C%22D%22%3A7467%7D,sharedassets1.assets,/Collections/View?Path=%7B%22B%22%3A%7B%22P%22%3A%5B%5D%7D%2C%22I%22%3A4%7D
7468,TextAsset,CT_EscapePod_PathToCity_2,/Assets/View?Path=%7B%22C%22%3A%7B%22B%22%3A%7B%22P%22%3A%5B%5D%7D%2C%22I%22%3A4%7D%2C%22D%22%3A7468%7D,sharedassets1.assets,/Collections/View?Path=%7B%22B%22%3A%7B%22P%22%3A%5B%5D%7D%2C%22I%22%3A4%7D
7469,TextAsset,Mica,/Assets/View?Path=%7B%22C%22%3A%7B%22B%22%3A%7B%22P%22%3A%5B%5D%7D%2C%22I%22%3A4%7D%2C%22D%22%3A7469%7D,sharedassets1.assets,/Collections/View?Path=%7B%22B%22%3A%7B%22P%22%3A%5B%5D%7D%2C%22I%22%3A4%7D
7470,TextAsset,CT_Quantum_WanderingRock_2,/Assets/View?Path=%7B%22C%22%3A%7B%22B%22%3A%7B%22P%22%3A%5B%5D%7D%2C%22I%22%3A4%7D%2C%22D%22%3A7470%7D,sharedassets1.assets,/Collections/View?Path=%7B%22B%22%3A%7B%22P%22%3A%5B%5D%7D%2C%22I%22%3A4%7D
7471,TextAsset,BH_City_Journal_Cassava,/Assets/View?Path=%7B%22C%22%3A%7B%22B%22%3A%7B%22P%22%3A%5B%5D%7D%2C%22I%22%3A4%7D%2C%22D%22%3A7471%7D,sharedassets1.assets,/Collections/View?Path=%7B%22B%22%3A%7B%22P%22%3A%5B%5D%7D%2C%22I%22%3A4%7D
7472,TextAsset,GD_ConstructionYard_CannonMerge,/Assets/View?Path=%7B%22C%22%3A%7B%22B%22%3A%7B%22P%22%3A%5B%5D%7D%2C%22I%22%3A4%7D%2C%22D%22%3A7472%7D,sharedassets1.assets,/Collections/View?Path=%7B%22B%22%3A%7B%22P%22%3A%5B%5D%7D%2C%22I%22%3A4%7D
7473,TextAsset,Gabbro_3F,/Assets/View?Path=%7B%22C%22%3A%7B%22B%22%3A%7B%22P%22%3A%5B%5D%7D%2C%22I%22%3A4%7D%2C%22D%22%3A7473%7D,sharedassets1.assets,/Collections/View?Path=%7B%22B%22%3A%7B%22P%22%3A%5B%5D%7D%2C%22I%22%3A4%7D
7474,TextAsset,Tektite_ImpactCrater,/Assets/View?Path=%7B%22C%22%3A%7B%22B%22%3A%7B%22P%22%3A%5B%5D%7D%2C%22I%22%3A4%7D%2C%22D%22%3A7474%7D,sharedassets1.assets,/Collections/View?Path=%7B%22B%22%3A%7B%22P%22%3A%5B%5D%7D%2C%22I%22%3A4%7D
7475,TextAsset,TT_TimeLoop_MaskActivationStatus,/Assets/View?Path=%7B%22C%22%3A%7B%22B%22%3A%7B%22P%22%3A%5B%5D%7D%2C%22I%22%3A4%7D%2C%22D%22%3A7475%7D,sharedassets1.assets,/Collections/View?Path=%7B%22B%22%3A%7B%22P%22%3A%5B%5D%7D%2C%22I%22%3A4%7D
7476,TextAsset,BH_Cannon_LaunchLog,/Assets/View?Path=%7B%22C%22%3A%7B%22B%22%3A%7B%22P%22%3A%5B%5D%7D%2C%22I%22%3A4%7D%2C%22D%22%3A7476%7D,sharedassets1.assets,/Collections/View?Path=%7B%22B%22%3A%7B%22P%22%3A%5B%5D%7D%2C%22I%22%3A4%7D
7477,TextAsset,QM_SolanumConvo_Response_Explain+Me,/Assets/View?Path=%7B%22C%22%3A%7B%22B%22%3A%7B%22P%22%3A%5B%5D%7D%2C%22I%22%3A4%7D%2C%22D%22%3A7477%7D,sharedassets1.assets,/Collections/View?Path=%7B%22B%22%3A%7B%22P%22%3A%5B%5D%7D%2C%22I%22%3A4%7D
7478,TextAsset,CT_Quantum_EntanglementHint,/Assets/View?Path=%7B%22C%22%3A%7B%22B%22%3A%7B%22P%22%3A%5B%5D%7D%2C%22I%22%3A4%7D%2C%22D%22%3A7478%7D,sharedassets1.assets,/Collections/View?Path=%7B%22B%22%3A%7B%22P%22%3A%5B%5D%7D%2C%22I%22%3A4%7D
7479,TextAsset,WH_TimeDelay_2,/Assets/View?Path=%7B%22C%22%3A%7B%22B%22%3A%7B%22P%22%3A%5B%5D%7D%2C%22I%22%3A4%7D%2C%22D%22%3A7479%7D,sharedassets1.assets,/Collections/View?Path=%7B%22B%22%3A%7B%22P%22%3A%5B%5D%7D%2C%22I%22%3A4%7D
7480,TextAsset,CT_QuantumMoonObservation,/Assets/View?Path=%7B%22C%22%3A%7B%22B%22%3A%7B%22P%22%3A%5B%5D%7D%2C%22I%22%3A4%7D%2C%22D%22%3A7480%7D,sharedassets1.assets,/Collections/View?Path=%7B%22B%22%3A%7B%22P%22%3A%5B%5D%7D%2C%22I%22%3A4%7D
7481,TextAsset,BH_Observatory_TornadoResearch,/Assets/View?Path=%7B%22C%22%3A%7B%22B%22%3A%7B%22P%22%3A%5B%5D%7D%2C%22I%22%3A4%7D%2C%22D%22%3A7481%7D,sharedassets1.assets,/Collections/View?Path=%7B%22B%22%3A%7B%22P%22%3A%5B%5D%7D%2C%22I%22%3A4%7D
7482,TextAsset,OPC_Intact_HourglassOrdersReceived,/Assets/View?Path=%7B%22C%22%3A%7B%22B%22%3A%7B%22P%22%3A%5B%5D%7D%2C%22I%22%3A4%7D%2C%22D%22%3A7482%7D,sharedassets1.assets,/Collections/View?Path=%7B%22B%22%3A%7B%22P%22%3A%5B%5D%7D%2C%22I%22%3A4%7D
7483,TextAsset,BH_Trail_ToLowerQuantumTower,/Assets/View?Path=%7B%22C%22%3A%7B%22B%22%3A%7B%22P%22%3A%5B%5D%7D%2C%22I%22%3A4%7D%2C%22D%22%3A7483%7D,sharedassets1.assets,/Collections/View?Path=%7B%22B%22%3A%7B%22P%22%3A%5B%5D%7D%2C%22I%22%3A4%7D
7484,TextAsset,SatellitePlaque_Vanilla,/Assets/View?Path=%7B%22C%22%3A%7B%22B%22%3A%7B%22P%22%3A%5B%5D%7D%2C%22I%22%3A4%7D%2C%22D%22%3A7484%7D,sharedassets1.assets,/Collections/View?Path=%7B%22B%22%3A%7B%22P%22%3A%5B%5D%7D%2C%22I%22%3A4%7D
7485,TextAsset,CT_Fossil_GameRules,/Assets/View?Path=%7B%22C%22%3A%7B%22B%22%3A%7B%22P%22%3A%5B%5D%7D%2C%22I%22%3A4%7D%2C%22D%22%3A7485%7D,sharedassets1.assets,/Collections/View?Path=%7B%22B%22%3A%7B%22P%22%3A%5B%5D%7D%2C%22I%22%3A4%7D
7486,TextAsset,Chert_4,/Assets/View?Path=%7B%22C%22%3A%7B%22B%22%3A%7B%22P%22%3A%5B%5D%7D%2C%22I%22%3A4%7D%2C%22D%22%3A7486%7D,sharedassets1.assets,/Collections/View?Path=%7B%22B%22%3A%7B%22P%22%3A%5B%5D%7D%2C%22I%22%3A4%7D
7487,TextAsset,BH_EscapePod_BlackHoleWarning,/Assets/View?Path=%7B%22C%22%3A%7B%22B%22%3A%7B%22P%22%3A%5B%5D%7D%2C%22I%22%3A4%7D%2C%22D%22%3A7487%7D,sharedassets1.assets,/Collections/View?Path=%7B%22B%22%3A%7B%22P%22%3A%5B%5D%7D%2C%22I%22%3A4%7D
7488,TextAsset,GD_StatueIsland_WindowNote,/Assets/View?Path=%7B%22C%22%3A%7B%22B%22%3A%7B%22P%22%3A%5B%5D%7D%2C%22I%22%3A4%7D%2C%22D%22%3A7488%7D,sharedassets1.assets,/Collections/View?Path=%7B%22B%22%3A%7B%22P%22%3A%5B%5D%7D%2C%22I%22%3A4%7D
7489,TextAsset,CT_SunStationDebate,/Assets/View?Path=%7B%22C%22%3A%7B%22B%22%3A%7B%22P%22%3A%5B%5D%7D%2C%22I%22%3A4%7D%2C%22D%22%3A7489%7D,sharedassets1.assets,/Collections/View?Path=%7B%22B%22%3A%7B%22P%22%3A%5B%5D%7D%2C%22I%22%3A4%7D
7490,TextAsset,CT_Trail_UpperExperimentToCity,/Assets/View?Path=%7B%22C%22%3A%7B%22B%22%3A%7B%22P%22%3A%5B%5D%7D%2C%22I%22%3A4%7D%2C%22D%22%3A7490%7D,sharedassets1.assets,/Collections/View?Path=%7B%22B%22%3A%7B%22P%22%3A%5B%5D%7D%2C%22I%22%3A4%7D
7491,TextAsset,OPC_ModuleSign_2,/Assets/View?Path=%7B%22C%22%3A%7B%22B%22%3A%7B%22P%22%3A%5B%5D%7D%2C%22I%22%3A4%7D%2C%22D%22%3A7491%7D,sharedassets1.assets,/Collections/View?Path=%7B%22B%22%3A%7B%22P%22%3A%5B%5D%7D%2C%22I%22%3A4%7D
7492,TextAsset,TT_TimeLoop_Timeline_1,/Assets/View?Path=%7B%22C%22%3A%7B%22B%22%3A%7B%22P%22%3A%5B%5D%7D%2C%22I%22%3A4%7D%2C%22D%22%3A7492%7D,sharedassets1.assets,/Collections/View?Path=%7B%22B%22%3A%7B%22P%22%3A%5B%5D%7D%2C%22I%22%3A4%7D
7493,TextAsset,CT_EscapePod_PathToCity_1,/Assets/View?Path=%7B%22C%22%3A%7B%22B%22%3A%7B%22P%22%3A%5B%5D%7D%2C%22I%22%3A4%7D%2C%22D%22%3A7493%7D,sharedassets1.assets,/Collections/View?Path=%7B%22B%22%3A%7B%22P%22%3A%5B%5D%7D%2C%22I%22%3A4%7D
7494,TextAsset,Feldspar_Journal,/Assets/View?Path=%7B%22C%22%3A%7B%22B%22%3A%7B%22P%22%3A%5B%5D%7D%2C%22I%22%3A4%7D%2C%22D%22%3A7494%7D,sharedassets1.assets,/Collections/View?Path=%7B%22B%22%3A%7B%22P%22%3A%5B%5D%7D%2C%22I%22%3A4%7D
7495,TextAsset,jeffdidwhatnow,/Assets/View?Path=%7B%22C%22%3A%7B%22B%22%3A%7B%22P%22%3A%5B%5D%7D%2C%22I%22%3A4%7D%2C%22D%22%3A7495%7D,sharedassets1.assets,/Collections/View?Path=%7B%22B%22%3A%7B%22P%22%3A%5B%5D%7D%2C%22I%22%3A4%7D
7496,TextAsset,TimberMoon,/Assets/View?Path=%7B%22C%22%3A%7B%22B%22%3A%7B%22P%22%3A%5B%5D%7D%2C%22I%22%3A4%7D%2C%22D%22%3A7496%7D,sharedassets1.assets,/Collections/View?Path=%7B%22B%22%3A%7B%22P%22%3A%5B%5D%7D%2C%22I%22%3A4%7D
7497,TextAsset,GD_Quantum_Entrance_1,/Assets/View?Path=%7B%22C%22%3A%7B%22B%22%3A%7B%22P%22%3A%5B%5D%7D%2C%22I%22%3A4%7D%2C%22D%22%3A7497%7D,sharedassets1.assets,/Collections/View?Path=%7B%22B%22%3A%7B%22P%22%3A%5B%5D%7D%2C%22I%22%3A4%7D
7498,TextAsset,Tuff,/Assets/View?Path=%7B%22C%22%3A%7B%22B%22%3A%7B%22P%22%3A%5B%5D%7D%2C%22I%22%3A4%7D%2C%22D%22%3A7498%7D,sharedassets1.assets,/Collections/View?Path=%7B%22B%22%3A%7B%22P%22%3A%5B%5D%7D%2C%22I%22%3A4%7D
7499,TextAsset,CT_EscapePod_PathToOxygen_1,/Assets/View?Path=%7B%22C%22%3A%7B%22B%22%3A%7B%22P%22%3A%5B%5D%7D%2C%22I%22%3A4%7D%2C%22D%22%3A7499%7D,sharedassets1.assets,/Collections/View?Path=%7B%22B%22%3A%7B%22P%22%3A%5B%5D%7D%2C%22I%22%3A4%7D
7500,TextAsset,SS_MissionStatement,/Assets/View?Path=%7B%22C%22%3A%7B%22B%22%3A%7B%22P%22%3A%5B%5D%7D%2C%22I%22%3A4%7D%2C%22D%22%3A7500%7D,sharedassets1.assets,/Collections/View?Path=%7B%22B%22%3A%7B%22P%22%3A%5B%5D%7D%2C%22I%22%3A4%7D
7501,TextAsset,BH_OldSettlement_Flavor_2,/Assets/View?Path=%7B%22C%22%3A%7B%22B%22%3A%7B%22P%22%3A%5B%5D%7D%2C%22I%22%3A4%7D%2C%22D%22%3A7501%7D,sharedassets1.assets,/Collections/View?Path=%7B%22B%22%3A%7B%22P%22%3A%5B%5D%7D%2C%22I%22%3A4%7D
7502,TextAsset,CT_City_EyeShrine_Entrance,/Assets/View?Path=%7B%22C%22%3A%7B%22B%22%3A%7B%22P%22%3A%5B%5D%7D%2C%22I%22%3A4%7D%2C%22D%22%3A7502%7D,sharedassets1.assets,/Collections/View?Path=%7B%22B%22%3A%7B%22P%22%3A%5B%5D%7D%2C%22I%22%3A4%7D
7503,TextAsset,CT_EscapePod_PathToCity_3,/Assets/View?Path=%7B%22C%22%3A%7B%22B%22%3A%7B%22P%22%3A%5B%5D%7D%2C%22I%22%3A4%7D%2C%22D%22%3A7503%7D,sharedassets1.assets,/Collections/View?Path=%7B%22B%22%3A%7B%22P%22%3A%5B%5D%7D%2C%22I%22%3A4%7D
7504,TextAsset,Shared_TH_Mine_TT_TimeLoopInterior,/Assets/View?Path=%7B%22C%22%3A%7B%22B%22%3A%7B%22P%22%3A%5B%5D%7D%2C%22I%22%3A4%7D%2C%22D%22%3A7504%7D,sharedassets1.assets,/Collections/View?Path=%7B%22B%22%3A%7B%22P%22%3A%5B%5D%7D%2C%22I%22%3A4%7D
7505,TextAsset,TowerTwin,/Assets/View?Path=%7B%22C%22%3A%7B%22B%22%3A%7B%22P%22%3A%5B%5D%7D%2C%22I%22%3A4%7D%2C%22D%22%3A7505%7D,sharedassets1.assets,/Collections/View?Path=%7B%22B%22%3A%7B%22P%22%3A%5B%5D%7D%2C%22I%22%3A4%7D
7506,TextAsset,BH_OldSettlement_QuantumMoonSighting,/Assets/View?Path=%7B%22C%22%3A%7B%22B%22%3A%7B%22P%22%3A%5B%5D%7D%2C%22I%22%3A4%7D%2C%22D%22%3A7506%7D,sharedassets1.assets,/Collections/View?Path=%7B%22B%22%3A%7B%22P%22%3A%5B%5D%7D%2C%22I%22%3A4%7D
7507,TextAsset,SkullPlaque,/Assets/View?Path=%7B%22C%22%3A%7B%22B%22%3A%7B%22P%22%3A%5B%5D%7D%2C%22I%22%3A4%7D%2C%22D%22%3A7507%7D,sharedassets1.assets,/Collections/View?Path=%7B%22B%22%3A%7B%22P%22%3A%5B%5D%7D%2C%22I%22%3A4%7D
7508,TextAsset,Gabbro_1,/Assets/View?Path=%7B%22C%22%3A%7B%22B%22%3A%7B%22P%22%3A%5B%5D%7D%2C%22I%22%3A4%7D%2C%22D%22%3A7508%7D,sharedassets1.assets,/Collections/View?Path=%7B%22B%22%3A%7B%22P%22%3A%5B%5D%7D%2C%22I%22%3A4%7D
7509,TextAsset,laradidthis,/Assets/View?Path=%7B%22C%22%3A%7B%22B%22%3A%7B%22P%22%3A%5B%5D%7D%2C%22I%22%3A4%7D%2C%22D%22%3A7509%7D,sharedassets1.assets,/Collections/View?Path=%7B%22B%22%3A%7B%22P%22%3A%5B%5D%7D%2C%22I%22%3A4%7D
7510,TextAsset,Marl,/Assets/View?Path=%7B%22C%22%3A%7B%22B%22%3A%7B%22P%22%3A%5B%5D%7D%2C%22I%22%3A4%7D%2C%22D%22%3A7510%7D,sharedassets1.assets,/Collections/View?Path=%7B%22B%22%3A%7B%22P%22%3A%5B%5D%7D%2C%22I%22%3A4%7D
7511,TextAsset,Hornfels_CampfireNote,/Assets/View?Path=%7B%22C%22%3A%7B%22B%22%3A%7B%22P%22%3A%5B%5D%7D%2C%22I%22%3A4%7D%2C%22D%22%3A7511%7D,sharedassets1.assets,/Collections/View?Path=%7B%22B%22%3A%7B%22P%22%3A%5B%5D%7D%2C%22I%22%3A4%7D
7512,TextAsset,BH_City_EyeShrine_3,/Assets/View?Path=%7B%22C%22%3A%7B%22B%22%3A%7B%22P%22%3A%5B%5D%7D%2C%22I%22%3A4%7D%2C%22D%22%3A7512%7D,sharedassets1.assets,/Collections/View?Path=%7B%22B%22%3A%7B%22P%22%3A%5B%5D%7D%2C%22I%22%3A4%7D
7513,TextAsset,FlagPicturePlaque,/Assets/View?Path=%7B%22C%22%3A%7B%22B%22%3A%7B%22P%22%3A%5B%5D%7D%2C%22I%22%3A4%7D%2C%22D%22%3A7513%7D,sharedassets1.assets,/Collections/View?Path=%7B%22B%22%3A%7B%22P%22%3A%5B%5D%7D%2C%22I%22%3A4%7D
7514,TextAsset,CT_EscapePod_PathToRocks,/Assets/View?Path=%7B%22C%22%3A%7B%22B%22%3A%7B%22P%22%3A%5B%5D%7D%2C%22I%22%3A4%7D%2C%22D%22%3A7514%7D,sharedassets1.assets,/Collections/View?Path=%7B%22B%22%3A%7B%22P%22%3A%5B%5D%7D%2C%22I%22%3A4%7D
7515,TextAsset,GD_Quantum_PuzzleHint_1,/Assets/View?Path=%7B%22C%22%3A%7B%22B%22%3A%7B%22P%22%3A%5B%5D%7D%2C%22I%22%3A4%7D%2C%22D%22%3A7515%7D,sharedassets1.assets,/Collections/View?Path=%7B%22B%22%3A%7B%22P%22%3A%5B%5D%7D%2C%22I%22%3A4%7D
7516,TextAsset,CT_TLE_TimeTravelConfirmed1,/Assets/View?Path=%7B%22C%22%3A%7B%22B%22%3A%7B%22P%22%3A%5B%5D%7D%2C%22I%22%3A4%7D%2C%22D%22%3A7516%7D,sharedassets1.assets,/Collections/View?Path=%7B%22B%22%3A%7B%22P%22%3A%5B%5D%7D%2C%22I%22%3A4%7D
7517,TextAsset,BH_Trail_CrossroadsToCity,/Assets/View?Path=%7B%22C%22%3A%7B%22B%22%3A%7B%22P%22%3A%5B%5D%7D%2C%22I%22%3A4%7D%2C%22D%22%3A7517%7D,sharedassets1.assets,/Collections/View?Path=%7B%22B%22%3A%7B%22P%22%3A%5B%5D%7D%2C%22I%22%3A4%7D
7518,TextAsset,CT_EscapePod_PathToOxygen_2,/Assets/View?Path=%7B%22C%22%3A%7B%22B%22%3A%7B%22P%22%3A%5B%5D%7D%2C%22I%22%3A4%7D%2C%22D%22%3A7518%7D,sharedassets1.assets,/Collections/View?Path=%7B%22B%22%3A%7B%22P%22%3A%5B%5D%7D%2C%22I%22%3A4%7D
7519,TextAsset,OPC_Intact_LaunchReport,/Assets/View?Path=%7B%22C%22%3A%7B%22B%22%3A%7B%22P%22%3A%5B%5D%7D%2C%22I%22%3A4%7D%2C%22D%22%3A7519%7D,sharedassets1.assets,/Collections/View?Path=%7B%22B%22%3A%7B%22P%22%3A%5B%5D%7D%2C%22I%22%3A4%7D
7520,TextAsset,CT_City_EyeShrine_1,/Assets/View?Path=%7B%22C%22%3A%7B%22B%22%3A%7B%22P%22%3A%5B%5D%7D%2C%22I%22%3A4%7D%2C%22D%22%3A7520%7D,sharedassets1.assets,/Collections/View?Path=%7B%22B%22%3A%7B%22P%22%3A%5B%5D%7D%2C%22I%22%3A4%7D
7521,TextAsset,DB_Vessel_SignalFirstContact,/Assets/View?Path=%7B%22C%22%3A%7B%22B%22%3A%7B%22P%22%3A%5B%5D%7D%2C%22I%22%3A4%7D%2C%22D%22%3A7521%7D,sharedassets1.assets,/Collections/View?Path=%7B%22B%22%3A%7B%22P%22%3A%5B%5D%7D%2C%22I%22%3A4%7D
7522,TextAsset,RadioTowerDoor_Vanilla,/Assets/View?Path=%7B%22C%22%3A%7B%22B%22%3A%7B%22P%22%3A%5B%5D%7D%2C%22I%22%3A4%7D%2C%22D%22%3A7522%7D,sharedassets1.assets,/Collections/View?Path=%7B%22B%22%3A%7B%22P%22%3A%5B%5D%7D%2C%22I%22%3A4%7D
7523,TextAsset,BH_City_School_BigBangLesson,/Assets/View?Path=%7B%22C%22%3A%7B%22B%22%3A%7B%22P%22%3A%5B%5D%7D%2C%22I%22%3A4%7D%2C%22D%22%3A7523%7D,sharedassets1.assets,/Collections/View?Path=%7B%22B%22%3A%7B%22P%22%3A%5B%5D%7D%2C%22I%22%3A4%7D
7524,TextAsset,BH_OldSettlement_NoteAboutConstruction,/Assets/View?Path=%7B%22C%22%3A%7B%22B%22%3A%7B%22P%22%3A%5B%5D%7D%2C%22I%22%3A4%7D%2C%22D%22%3A7524%7D,sharedassets1.assets,/Collections/View?Path=%7B%22B%22%3A%7B%22P%22%3A%5B%5D%7D%2C%22I%22%3A4%7D
7525,TextAsset,Tombstone_1,/Assets/View?Path=%7B%22C%22%3A%7B%22B%22%3A%7B%22P%22%3A%5B%5D%7D%2C%22I%22%3A4%7D%2C%22D%22%3A7525%7D,sharedassets1.assets,/Collections/View?Path=%7B%22B%22%3A%7B%22P%22%3A%5B%5D%7D%2C%22I%22%3A4%7D
7526,TextAsset,PilotSeatPlaque,/Assets/View?Path=%7B%22C%22%3A%7B%22B%22%3A%7B%22P%22%3A%5B%5D%7D%2C%22I%22%3A4%7D%2C%22D%22%3A7526%7D,sharedassets1.assets,/Collections/View?Path=%7B%22B%22%3A%7B%22P%22%3A%5B%5D%7D%2C%22I%22%3A4%7D
7527,TextAsset,BH_Forge_EntryClue,/Assets/View?Path=%7B%22C%22%3A%7B%22B%22%3A%7B%22P%22%3A%5B%5D%7D%2C%22I%22%3A4%7D%2C%22D%22%3A7527%7D,sharedassets1.assets,/Collections/View?Path=%7B%22B%22%3A%7B%22P%22%3A%5B%5D%7D%2C%22I%22%3A4%7D
7528,TextAsset,RosettaStonePlaque,/Assets/View?Path=%7B%22C%22%3A%7B%22B%22%3A%7B%22P%22%3A%5B%5D%7D%2C%22I%22%3A4%7D%2C%22D%22%3A7528%7D,sharedassets1.assets,/Collections/View?Path=%7B%22B%22%3A%7B%22P%22%3A%5B%5D%7D%2C%22I%22%3A4%7D
7529,TextAsset,Comet,/Assets/View?Path=%7B%22C%22%3A%7B%22B%22%3A%7B%22P%22%3A%5B%5D%7D%2C%22I%22%3A4%7D%2C%22D%22%3A7529%7D,sharedassets1.assets,/Collections/View?Path=%7B%22B%22%3A%7B%22P%22%3A%5B%5D%7D%2C%22I%22%3A4%7D
7530,TextAsset,BH_Trail_TowerToBlackHoleForge,/Assets/View?Path=%7B%22C%22%3A%7B%22B%22%3A%7B%22P%22%3A%5B%5D%7D%2C%22I%22%3A4%7D%2C%22D%22%3A7530%7D,sharedassets1.assets,/Collections/View?Path=%7B%22B%22%3A%7B%22P%22%3A%5B%5D%7D%2C%22I%22%3A4%7D
7531,TextAsset,Feldspar_JellyfishNotes_1,/Assets/View?Path=%7B%22C%22%3A%7B%22B%22%3A%7B%22P%22%3A%5B%5D%7D%2C%22I%22%3A4%7D%2C%22D%22%3A7531%7D,sharedassets1.assets,/Collections/View?Path=%7B%22B%22%3A%7B%22P%22%3A%5B%5D%7D%2C%22I%22%3A4%7D
7532,TextAsset,BH_City_BlackholeForgeControls,/Assets/View?Path=%7B%22C%22%3A%7B%22B%22%3A%7B%22P%22%3A%5B%5D%7D%2C%22I%22%3A4%7D%2C%22D%22%3A7532%7D,sharedassets1.assets,/Collections/View?Path=%7B%22B%22%3A%7B%22P%22%3A%5B%5D%7D%2C%22I%22%3A4%7D
7533,TextAsset,BH_Forge_BlackHoleCoreShipment,/Assets/View?Path=%7B%22C%22%3A%7B%22B%22%3A%7B%22P%22%3A%5B%5D%7D%2C%22I%22%3A4%7D%2C%22D%22%3A7533%7D,sharedassets1.assets,/Collections/View?Path=%7B%22B%22%3A%7B%22P%22%3A%5B%5D%7D%2C%22I%22%3A4%7D
7534,TextAsset,BH_OldSettlement_Flavor_1,/Assets/View?Path=%7B%22C%22%3A%7B%22B%22%3A%7B%22P%22%3A%5B%5D%7D%2C%22I%22%3A4%7D%2C%22D%22%3A7534%7D,sharedassets1.assets,/Collections/View?Path=%7B%22B%22%3A%7B%22P%22%3A%5B%5D%7D%2C%22I%22%3A4%7D
7535,TextAsset,BH_Quantum_ShardDiscovery_2,/Assets/View?Path=%7B%22C%22%3A%7B%22B%22%3A%7B%22P%22%3A%5B%5D%7D%2C%22I%22%3A4%7D%2C%22D%22%3A7535%7D,sharedassets1.assets,/Collections/View?Path=%7B%22B%22%3A%7B%22P%22%3A%5B%5D%7D%2C%22I%22%3A4%7D
7536,TextAsset,THM_SignalDish_1,/Assets/View?Path=%7B%22C%22%3A%7B%22B%22%3A%7B%22P%22%3A%5B%5D%7D%2C%22I%22%3A4%7D%2C%22D%22%3A7536%7D,sharedassets1.assets,/Collections/View?Path=%7B%22B%22%3A%7B%22P%22%3A%5B%5D%7D%2C%22I%22%3A4%7D
7537,TextAsset,ParadoxSelf,/Assets/View?Path=%7B%22C%22%3A%7B%22B%22%3A%7B%22P%22%3A%5B%5D%7D%2C%22I%22%3A4%7D%2C%22D%22%3A7537%7D,sharedassets1.assets,/Collections/View?Path=%7B%22B%22%3A%7B%22P%22%3A%5B%5D%7D%2C%22I%22%3A4%7D
7538,TextAsset,CT_Quantum_WanderingRock_1a,/Assets/View?Path=%7B%22C%22%3A%7B%22B%22%3A%7B%22P%22%3A%5B%5D%7D%2C%22I%22%3A4%7D%2C%22D%22%3A7538%7D,sharedassets1.assets,/Collections/View?Path=%7B%22B%22%3A%7B%22P%22%3A%5B%5D%7D%2C%22I%22%3A4%7D
7539,TextAsset,Shared_TH_Mine_BHM_Volcano,/Assets/View?Path=%7B%22C%22%3A%7B%22B%22%3A%7B%22P%22%3A%5B%5D%7D%2C%22I%22%3A4%7D%2C%22D%22%3A7539%7D,sharedassets1.assets,/Collections/View?Path=%7B%22B%22%3A%7B%22P%22%3A%5B%5D%7D%2C%22I%22%3A4%7D
7540,TextAsset,TT_TimeLoop_CoreRemovalWarning,/Assets/View?Path=%7B%22C%22%3A%7B%22B%22%3A%7B%22P%22%3A%5B%5D%7D%2C%22I%22%3A4%7D%2C%22D%22%3A7540%7D,sharedassets1.assets,/Collections/View?Path=%7B%22B%22%3A%7B%22P%22%3A%5B%5D%7D%2C%22I%22%3A4%7D
7541,TextAsset,Chert_MoonCraterNotes,/Assets/View?Path=%7B%22C%22%3A%7B%22B%22%3A%7B%22P%22%3A%5B%5D%7D%2C%22I%22%3A4%7D%2C%22D%22%3A7541%7D,sharedassets1.assets,/Collections/View?Path=%7B%22B%22%3A%7B%22P%22%3A%5B%5D%7D%2C%22I%22%3A4%7D
7542,TextAsset,BH_City_Forum_1,/Assets/View?Path=%7B%22C%22%3A%7B%22B%22%3A%7B%22P%22%3A%5B%5D%7D%2C%22I%22%3A4%7D%2C%22D%22%3A7542%7D,sharedassets1.assets,/Collections/View?Path=%7B%22B%22%3A%7B%22P%22%3A%5B%5D%7D%2C%22I%22%3A4%7D
7543,TextAsset,BH_Trail_CannonToObservatory,/Assets/View?Path=%7B%22C%22%3A%7B%22B%22%3A%7B%22P%22%3A%5B%5D%7D%2C%22I%22%3A4%7D%2C%22D%22%3A7543%7D,sharedassets1.assets,/Collections/View?Path=%7B%22B%22%3A%7B%22P%22%3A%5B%5D%7D%2C%22I%22%3A4%7D
7544,TextAsset,Gabbro_2T,/Assets/View?Path=%7B%22C%22%3A%7B%22B%22%3A%7B%22P%22%3A%5B%5D%7D%2C%22I%22%3A4%7D%2C%22D%22%3A7544%7D,sharedassets1.assets,/Collections/View?Path=%7B%22B%22%3A%7B%22P%22%3A%5B%5D%7D%2C%22I%22%3A4%7D
7545,TextAsset,Hornfels_DeepFieldNotes_2,/Assets/View?Path=%7B%22C%22%3A%7B%22B%22%3A%7B%22P%22%3A%5B%5D%7D%2C%22I%22%3A4%7D%2C%22D%22%3A7545%7D,sharedassets1.assets,/Collections/View?Path=%7B%22B%22%3A%7B%22P%22%3A%5B%5D%7D%2C%22I%22%3A4%7D
7546,TextAsset,QM_SolanumConvo_Response_Identify+Eye,/Assets/View?Path=%7B%22C%22%3A%7B%22B%22%3A%7B%22P%22%3A%5B%5D%7D%2C%22I%22%3A4%7D%2C%22D%22%3A7546%7D,sharedassets1.assets,/Collections/View?Path=%7B%22B%22%3A%7B%22P%22%3A%5B%5D%7D%2C%22I%22%3A4%7D
7547,TextAsset,PotteryPlaque,/Assets/View?Path=%7B%22C%22%3A%7B%22B%22%3A%7B%22P%22%3A%5B%5D%7D%2C%22I%22%3A4%7D%2C%22D%22%3A7547%7D,sharedassets1.assets,/Collections/View?Path=%7B%22B%22%3A%7B%22P%22%3A%5B%5D%7D%2C%22I%22%3A4%7D
7548,TextAsset,QuantumMoon,/Assets/View?Path=%7B%22C%22%3A%7B%22B%22%3A%7B%22P%22%3A%5B%5D%7D%2C%22I%22%3A4%7D%2C%22D%22%3A7548%7D,sharedassets1.assets,/Collections/View?Path=%7B%22B%22%3A%7B%22P%22%3A%5B%5D%7D%2C%22I%22%3A4%7D
7549,TextAsset,CT_TLE_TimeLoopEnergyRequirements1,/Assets/View?Path=%7B%22C%22%3A%7B%22B%22%3A%7B%22P%22%3A%5B%5D%7D%2C%22I%22%3A4%7D%2C%22D%22%3A7549%7D,sharedassets1.assets,/Collections/View?Path=%7B%22B%22%3A%7B%22P%22%3A%5B%5D%7D%2C%22I%22%3A4%7D
7550,TextAsset,Chert_1,/Assets/View?Path=%7B%22C%22%3A%7B%22B%22%3A%7B%22P%22%3A%5B%5D%7D%2C%22I%22%3A4%7D%2C%22D%22%3A7550%7D,sharedassets1.assets,/Collections/View?Path=%7B%22B%22%3A%7B%22P%22%3A%5B%5D%7D%2C%22I%22%3A4%7D
7551,TextAsset,TephraPostObservatory,/Assets/View?Path=%7B%22C%22%3A%7B%22B%22%3A%7B%22P%22%3A%5B%5D%7D%2C%22I%22%3A4%7D%2C%22D%22%3A7551%7D,sharedassets1.assets,/Collections/View?Path=%7B%22B%22%3A%7B%22P%22%3A%5B%5D%7D%2C%22I%22%3A4%7D
7552,TextAsset,BH_Trail_CrossroadsToCannon,/Assets/View?Path=%7B%22C%22%3A%7B%22B%22%3A%7B%22P%22%3A%5B%5D%7D%2C%22I%22%3A4%7D%2C%22D%22%3A7552%7D,sharedassets1.assets,/Collections/View?Path=%7B%22B%22%3A%7B%22P%22%3A%5B%5D%7D%2C%22I%22%3A4%7D
7553,TextAsset,CT_TLE_TimeLoopEnergyRequirements2,/Assets/View?Path=%7B%22C%22%3A%7B%22B%22%3A%7B%22P%22%3A%5B%5D%7D%2C%22I%22%3A4%7D%2C%22D%22%3A7553%7D,sharedassets1.assets,/Collections/View?Path=%7B%22B%22%3A%7B%22P%22%3A%5B%5D%7D%2C%22I%22%3A4%7D
7554,TextAsset,BH_City_EyeShrine_Entrance,/Assets/View?Path=%7B%22C%22%3A%7B%22B%22%3A%7B%22P%22%3A%5B%5D%7D%2C%22I%22%3A4%7D%2C%22D%22%3A7554%7D,sharedassets1.assets,/Collections/View?Path=%7B%22B%22%3A%7B%22P%22%3A%5B%5D%7D%2C%22I%22%3A4%7D
7555,TextAsset,TidalBallPlaque,/Assets/View?Path=%7B%22C%22%3A%7B%22B%22%3A%7B%22P%22%3A%5B%5D%7D%2C%22I%22%3A4%7D%2C%22D%22%3A7555%7D,sharedassets1.assets,/Collections/View?Path=%7B%22B%22%3A%7B%22P%22%3A%5B%5D%7D%2C%22I%22%3A4%7D
7556,TextAsset,BH_EscapePod_FlightLog,/Assets/View?Path=%7B%22C%22%3A%7B%22B%22%3A%7B%22P%22%3A%5B%5D%7D%2C%22I%22%3A4%7D%2C%22D%22%3A7556%7D,sharedassets1.assets,/Collections/View?Path=%7B%22B%22%3A%7B%22P%22%3A%5B%5D%7D%2C%22I%22%3A4%7D
7557,TextAsset,StarLifeCycle01,/Assets/View?Path=%7B%22C%22%3A%7B%22B%22%3A%7B%22P%22%3A%5B%5D%7D%2C%22I%22%3A4%7D%2C%22D%22%3A7557%7D,sharedassets1.assets,/Collections/View?Path=%7B%22B%22%3A%7B%22P%22%3A%5B%5D%7D%2C%22I%22%3A4%7D
7558,TextAsset,Solanum,/Assets/View?Path=%7B%22C%22%3A%7B%22B%22%3A%7B%22P%22%3A%5B%5D%7D%2C%22I%22%3A4%7D%2C%22D%22%3A7558%7D,sharedassets1.assets,/Collections/View?Path=%7B%22B%22%3A%7B%22P%22%3A%5B%5D%7D%2C%22I%22%3A4%7D
7559,TextAsset,BH_Observatory_EyeSearch_1,/Assets/View?Path=%7B%22C%22%3A%7B%22B%22%3A%7B%22P%22%3A%5B%5D%7D%2C%22I%22%3A4%7D%2C%22D%22%3A7559%7D,sharedassets1.assets,/Collections/View?Path=%7B%22B%22%3A%7B%22P%22%3A%5B%5D%7D%2C%22I%22%3A4%7D
7560,TextAsset,CT_Cannon_RetrieveShuttle,/Assets/View?Path=%7B%22C%22%3A%7B%22B%22%3A%7B%22P%22%3A%5B%5D%7D%2C%22I%22%3A4%7D%2C%22D%22%3A7560%7D,sharedassets1.assets,/Collections/View?Path=%7B%22B%22%3A%7B%22P%22%3A%5B%5D%7D%2C%22I%22%3A4%7D
7561,TextAsset,DB_Vessel_OutgoingMessages,/Assets/View?Path=%7B%22C%22%3A%7B%22B%22%3A%7B%22P%22%3A%5B%5D%7D%2C%22I%22%3A4%7D%2C%22D%22%3A7561%7D,sharedassets1.assets,/Collections/View?Path=%7B%22B%22%3A%7B%22P%22%3A%5B%5D%7D%2C%22I%22%3A4%7D
7562,TextAsset,BH_Forge_AlignmentWindow,/Assets/View?Path=%7B%22C%22%3A%7B%22B%22%3A%7B%22P%22%3A%5B%5D%7D%2C%22I%22%3A4%7D%2C%22D%22%3A7562%7D,sharedassets1.assets,/Collections/View?Path=%7B%22B%22%3A%7B%22P%22%3A%5B%5D%7D%2C%22I%22%3A4%7D
7563,TextAsset,DB_EscapePod_FlightLog,/Assets/View?Path=%7B%22C%22%3A%7B%22B%22%3A%7B%22P%22%3A%5B%5D%7D%2C%22I%22%3A4%7D%2C%22D%22%3A7563%7D,sharedassets1.assets,/Collections/View?Path=%7B%22B%22%3A%7B%22P%22%3A%5B%5D%7D%2C%22I%22%3A4%7D
7564,TextAsset,CT_TLE_TimeTravelConfirmed2,/Assets/View?Path=%7B%22C%22%3A%7B%22B%22%3A%7B%22P%22%3A%5B%5D%7D%2C%22I%22%3A4%7D%2C%22D%22%3A7564%7D,sharedassets1.assets,/Collections/View?Path=%7B%22B%22%3A%7B%22P%22%3A%5B%5D%7D%2C%22I%22%3A4%7D
7565,TextAsset,BH_City_Forum_2,/Assets/View?Path=%7B%22C%22%3A%7B%22B%22%3A%7B%22P%22%3A%5B%5D%7D%2C%22I%22%3A4%7D%2C%22D%22%3A7565%7D,sharedassets1.assets,/Collections/View?Path=%7B%22B%22%3A%7B%22P%22%3A%5B%5D%7D%2C%22I%22%3A4%7D
7566,TextAsset,OPC_Sunken_EyeCoordinates,/Assets/View?Path=%7B%22C%22%3A%7B%22B%22%3A%7B%22P%22%3A%5B%5D%7D%2C%22I%22%3A4%7D%2C%22D%22%3A7566%7D,sharedassets1.assets,/Collections/View?Path=%7B%22B%22%3A%7B%22P%22%3A%5B%5D%7D%2C%22I%22%3A4%7D
7567,TextAsset,Hal_Outside,/Assets/View?Path=%7B%22C%22%3A%7B%22B%22%3A%7B%22P%22%3A%5B%5D%7D%2C%22I%22%3A4%7D%2C%22D%22%3A7567%7D,sharedassets1.assets,/Collections/View?Path=%7B%22B%22%3A%7B%22P%22%3A%5B%5D%7D%2C%22I%22%3A4%7D
7568,TextAsset,OPC_ModuleSign_1,/Assets/View?Path=%7B%22C%22%3A%7B%22B%22%3A%7B%22P%22%3A%5B%5D%7D%2C%22I%22%3A4%7D%2C%22D%22%3A7568%7D,sharedassets1.assets,/Collections/View?Path=%7B%22B%22%3A%7B%22P%22%3A%5B%5D%7D%2C%22I%22%3A4%7D
7569,TextAsset,Shared_OPC_Sunken_TT_TimeLoopInterior,/Assets/View?Path=%7B%22C%22%3A%7B%22B%22%3A%7B%22P%22%3A%5B%5D%7D%2C%22I%22%3A4%7D%2C%22D%22%3A7569%7D,sharedassets1.assets,/Collections/View?Path=%7B%22B%22%3A%7B%22P%22%3A%5B%5D%7D%2C%22I%22%3A4%7D
7570,TextAsset,BH_City_School_VesselLesson,/Assets/View?Path=%7B%22C%22%3A%7B%22B%22%3A%7B%22P%22%3A%5B%5D%7D%2C%22I%22%3A4%7D%2C%22D%22%3A7570%7D,sharedassets1.assets,/Collections/View?Path=%7B%22B%22%3A%7B%22P%22%3A%5B%5D%7D%2C%22I%22%3A4%7D
7571,TextAsset,BH_City_Journal_Poke,/Assets/View?Path=%7B%22C%22%3A%7B%22B%22%3A%7B%22P%22%3A%5B%5D%7D%2C%22I%22%3A4%7D%2C%22D%22%3A7571%7D,sharedassets1.assets,/Collections/View?Path=%7B%22B%22%3A%7B%22P%22%3A%5B%5D%7D%2C%22I%22%3A4%7D
7572,TextAsset,Shared_GD_ConstructionYard_OPC_Intact,/Assets/View?Path=%7B%22C%22%3A%7B%22B%22%3A%7B%22P%22%3A%5B%5D%7D%2C%22I%22%3A4%7D%2C%22D%22%3A7572%7D,sharedassets1.assets,/Collections/View?Path=%7B%22B%22%3A%7B%22P%22%3A%5B%5D%7D%2C%22I%22%3A4%7D
7573,TextAsset,BH_OldSettlement_WhyDidWeCrash,/Assets/View?Path=%7B%22C%22%3A%7B%22B%22%3A%7B%22P%22%3A%5B%5D%7D%2C%22I%22%3A4%7D%2C%22D%22%3A7573%7D,sharedassets1.assets,/Collections/View?Path=%7B%22B%22%3A%7B%22P%22%3A%5B%5D%7D%2C%22I%22%3A4%7D
7574,TextAsset,Shared_SS_SunStation_TT_TimeLoopInterior,/Assets/View?Path=%7B%22C%22%3A%7B%22B%22%3A%7B%22P%22%3A%5B%5D%7D%2C%22I%22%3A4%7D%2C%22D%22%3A7574%7D,sharedassets1.assets,/Collections/View?Path=%7B%22B%22%3A%7B%22P%22%3A%5B%5D%7D%2C%22I%22%3A4%7D
7575,TextAsset,ScoutPlaque_NorthWest,/Assets/View?Path=%7B%22C%22%3A%7B%22B%22%3A%7B%22P%22%3A%5B%5D%7D%2C%22I%22%3A4%7D%2C%22D%22%3A7575%7D,sharedassets1.assets,/Collections/View?Path=%7B%22B%22%3A%7B%22P%22%3A%5B%5D%7D%2C%22I%22%3A4%7D
7576,TextAsset,OPC_Sunken_LastLaunchData,/Assets/View?Path=%7B%22C%22%3A%7B%22B%22%3A%7B%22P%22%3A%5B%5D%7D%2C%22I%22%3A4%7D%2C%22D%22%3A7576%7D,sharedassets1.assets,/Collections/View?Path=%7B%22B%22%3A%7B%22P%22%3A%5B%5D%7D%2C%22I%22%3A4%7D
7577,TextAsset,QM_Shrine_QuantumClues_1,/Assets/View?Path=%7B%22C%22%3A%7B%22B%22%3A%7B%22P%22%3A%5B%5D%7D%2C%22I%22%3A4%7D%2C%22D%22%3A7577%7D,sharedassets1.assets,/Collections/View?Path=%7B%22B%22%3A%7B%22P%22%3A%5B%5D%7D%2C%22I%22%3A4%7D
7578,TextAsset,CT_Cannon_ShuttleLocation,/Assets/View?Path=%7B%22C%22%3A%7B%22B%22%3A%7B%22P%22%3A%5B%5D%7D%2C%22I%22%3A4%7D%2C%22D%22%3A7578%7D,sharedassets1.assets,/Collections/View?Path=%7B%22B%22%3A%7B%22P%22%3A%5B%5D%7D%2C%22I%22%3A4%7D
7579,TextAsset,Spinel,/Assets/View?Path=%7B%22C%22%3A%7B%22B%22%3A%7B%22P%22%3A%5B%5D%7D%2C%22I%22%3A4%7D%2C%22D%22%3A7579%7D,sharedassets1.assets,/Collections/View?Path=%7B%22B%22%3A%7B%22P%22%3A%5B%5D%7D%2C%22I%22%3A4%7D
7580,TextAsset,SatellitePlaque,/Assets/View?Path=%7B%22C%22%3A%7B%22B%22%3A%7B%22P%22%3A%5B%5D%7D%2C%22I%22%3A4%7D%2C%22D%22%3A7580%7D,sharedassets1.assets,/Collections/View?Path=%7B%22B%22%3A%7B%22P%22%3A%5B%5D%7D%2C%22I%22%3A4%7D
7581,TextAsset,Gabbro_SatelliteNote,/Assets/View?Path=%7B%22C%22%3A%7B%22B%22%3A%7B%22P%22%3A%5B%5D%7D%2C%22I%22%3A4%7D%2C%22D%22%3A7581%7D,sharedassets1.assets,/Collections/View?Path=%7B%22B%22%3A%7B%22P%22%3A%5B%5D%7D%2C%22I%22%3A4%7D
7582,TextAsset,Gossan_ZeroGNote,/Assets/View?Path=%7B%22C%22%3A%7B%22B%22%3A%7B%22P%22%3A%5B%5D%7D%2C%22I%22%3A4%7D%2C%22D%22%3A7582%7D,sharedassets1.assets,/Collections/View?Path=%7B%22B%22%3A%7B%22P%22%3A%5B%5D%7D%2C%22I%22%3A4%7D
7583,TextAsset,OPC_Sunken_AllLaunchesData,/Assets/View?Path=%7B%22C%22%3A%7B%22B%22%3A%7B%22P%22%3A%5B%5D%7D%2C%22I%22%3A4%7D%2C%22D%22%3A7583%7D,sharedassets1.assets,/Collections/View?Path=%7B%22B%22%3A%7B%22P%22%3A%5B%5D%7D%2C%22I%22%3A4%7D
7584,TextAsset,TH_Mine_SizeOfProject,/Assets/View?Path=%7B%22C%22%3A%7B%22B%22%3A%7B%22P%22%3A%5B%5D%7D%2C%22I%22%3A4%7D%2C%22D%22%3A7584%7D,sharedassets1.assets,/Collections/View?Path=%7B%22B%22%3A%7B%22P%22%3A%5B%5D%7D%2C%22I%22%3A4%7D
7585,TextAsset,Chert_QuantumSignalNotes,/Assets/View?Path=%7B%22C%22%3A%7B%22B%22%3A%7B%22P%22%3A%5B%5D%7D%2C%22I%22%3A4%7D%2C%22D%22%3A7585%7D,sharedassets1.assets,/Collections/View?Path=%7B%22B%22%3A%7B%22P%22%3A%5B%5D%7D%2C%22I%22%3A4%7D
7586,TextAsset,BHM_Computer,/Assets/View?Path=%7B%22C%22%3A%7B%22B%22%3A%7B%22P%22%3A%5B%5D%7D%2C%22I%22%3A4%7D%2C%22D%22%3A7586%7D,sharedassets1.assets,/Collections/View?Path=%7B%22B%22%3A%7B%22P%22%3A%5B%5D%7D%2C%22I%22%3A4%7D
7587,TextAsset,CT_Trail_CityToFossilOverlook,/Assets/View?Path=%7B%22C%22%3A%7B%22B%22%3A%7B%22P%22%3A%5B%5D%7D%2C%22I%22%3A4%7D%2C%22D%22%3A7587%7D,sharedassets1.assets,/Collections/View?Path=%7B%22B%22%3A%7B%22P%22%3A%5B%5D%7D%2C%22I%22%3A4%7D
7588,TextAsset,BH_City_Forum_3,/Assets/View?Path=%7B%22C%22%3A%7B%22B%22%3A%7B%22P%22%3A%5B%5D%7D%2C%22I%22%3A4%7D%2C%22D%22%3A7588%7D,sharedassets1.assets,/Collections/View?Path=%7B%22B%22%3A%7B%22P%22%3A%5B%5D%7D%2C%22I%22%3A4%7D
7589,TextAsset,BH_Quantum_PilgrimageHistory,/Assets/View?Path=%7B%22C%22%3A%7B%22B%22%3A%7B%22P%22%3A%5B%5D%7D%2C%22I%22%3A4%7D%2C%22D%22%3A7589%7D,sharedassets1.assets,/Collections/View?Path=%7B%22B%22%3A%7B%22P%22%3A%5B%5D%7D%2C%22I%22%3A4%7D
7590,TextAsset,Shared_BH_Cannon_BH_Quantum,/Assets/View?Path=%7B%22C%22%3A%7B%22B%22%3A%7B%22P%22%3A%5B%5D%7D%2C%22I%22%3A4%7D%2C%22D%22%3A7590%7D,sharedassets1.assets,/Collections/View?Path=%7B%22B%22%3A%7B%22P%22%3A%5B%5D%7D%2C%22I%22%3A4%7D
7591,TextAsset,Tephra,/Assets/View?Path=%7B%22C%22%3A%7B%22B%22%3A%7B%22P%22%3A%5B%5D%7D%2C%22I%22%3A4%7D%2C%22D%22%3A7591%7D,sharedassets1.assets,/Collections/View?Path=%7B%22B%22%3A%7B%22P%22%3A%5B%5D%7D%2C%22I%22%3A4%7D
7592,TextAsset,CT_Quantum_WanderingRock_1b,/Assets/View?Path=%7B%22C%22%3A%7B%22B%22%3A%7B%22P%22%3A%5B%5D%7D%2C%22I%22%3A4%7D%2C%22D%22%3A7592%7D,sharedassets1.assets,/Collections/View?Path=%7B%22B%22%3A%7B%22P%22%3A%5B%5D%7D%2C%22I%22%3A4%7D
7593,TextAsset,GD_StatueIsland_ConsciousnessDebate,/Assets/View?Path=%7B%22C%22%3A%7B%22B%22%3A%7B%22P%22%3A%5B%5D%7D%2C%22I%22%3A4%7D%2C%22D%22%3A7593%7D,sharedassets1.assets,/Collections/View?Path=%7B%22B%22%3A%7B%22P%22%3A%5B%5D%7D%2C%22I%22%3A4%7D
7594,TextAsset,BH_Trail_CrossroadsToQuantumTower,/Assets/View?Path=%7B%22C%22%3A%7B%22B%22%3A%7B%22P%22%3A%5B%5D%7D%2C%22I%22%3A4%7D%2C%22D%22%3A7594%7D,sharedassets1.assets,/Collections/View?Path=%7B%22B%22%3A%7B%22P%22%3A%5B%5D%7D%2C%22I%22%3A4%7D
7595,TextAsset,BH_Trail_BlackholeForge,/Assets/View?Path=%7B%22C%22%3A%7B%22B%22%3A%7B%22P%22%3A%5B%5D%7D%2C%22I%22%3A4%7D%2C%22D%22%3A7595%7D,sharedassets1.assets,/Collections/View?Path=%7B%22B%22%3A%7B%22P%22%3A%5B%5D%7D%2C%22I%22%3A4%7D
7596,TextAsset,TT_TimeLoop_Timeline_3b,/Assets/View?Path=%7B%22C%22%3A%7B%22B%22%3A%7B%22P%22%3A%5B%5D%7D%2C%22I%22%3A4%7D%2C%22D%22%3A7596%7D,sharedassets1.assets,/Collections/View?Path=%7B%22B%22%3A%7B%22P%22%3A%5B%5D%7D%2C%22I%22%3A4%7D
7597,TextAsset,CT_City_EyeShrine_3,/Assets/View?Path=%7B%22C%22%3A%7B%22B%22%3A%7B%22P%22%3A%5B%5D%7D%2C%22I%22%3A4%7D%2C%22D%22%3A7597%7D,sharedassets1.assets,/Collections/View?Path=%7B%22B%22%3A%7B%22P%22%3A%5B%5D%7D%2C%22I%22%3A4%7D
7598,TextAsset,BH_Trail_QuantumToObservatory,/Assets/View?Path=%7B%22C%22%3A%7B%22B%22%3A%7B%22P%22%3A%5B%5D%7D%2C%22I%22%3A4%7D%2C%22D%22%3A7598%7D,sharedassets1.assets,/Collections/View?Path=%7B%22B%22%3A%7B%22P%22%3A%5B%5D%7D%2C%22I%22%3A4%7D
7599,TextAsset,ScoutPlaque_South,/Assets/View?Path=%7B%22C%22%3A%7B%22B%22%3A%7B%22P%22%3A%5B%5D%7D%2C%22I%22%3A4%7D%2C%22D%22%3A7599%7D,sharedassets1.assets,/Collections/View?Path=%7B%22B%22%3A%7B%22P%22%3A%5B%5D%7D%2C%22I%22%3A4%7D
7600,TextAsset,Rutile,/Assets/View?Path=%7B%22C%22%3A%7B%22B%22%3A%7B%22P%22%3A%5B%5D%7D%2C%22I%22%3A4%7D%2C%22D%22%3A7600%7D,sharedassets1.assets,/Collections/View?Path=%7B%22B%22%3A%7B%22P%22%3A%5B%5D%7D%2C%22I%22%3A4%7D
7601,TextAsset,CT_City_LightSwitch_2,/Assets/View?Path=%7B%22C%22%3A%7B%22B%22%3A%7B%22P%22%3A%5B%5D%7D%2C%22I%22%3A4%7D%2C%22D%22%3A7601%7D,sharedassets1.assets,/Collections/View?Path=%7B%22B%22%3A%7B%22P%22%3A%5B%5D%7D%2C%22I%22%3A4%7D
7602,TextAsset,TH_Museum_EyeSymbol,/Assets/View?Path=%7B%22C%22%3A%7B%22B%22%3A%7B%22P%22%3A%5B%5D%7D%2C%22I%22%3A4%7D%2C%22D%22%3A7602%7D,sharedassets1.assets,/Collections/View?Path=%7B%22B%22%3A%7B%22P%22%3A%5B%5D%7D%2C%22I%22%3A4%7D
7603,TextAsset,BH_Observatory_EyeSearch_2,/Assets/View?Path=%7B%22C%22%3A%7B%22B%22%3A%7B%22P%22%3A%5B%5D%7D%2C%22I%22%3A4%7D%2C%22D%22%3A7603%7D,sharedassets1.assets,/Collections/View?Path=%7B%22B%22%3A%7B%22P%22%3A%5B%5D%7D%2C%22I%22%3A4%7D
7604,TextAsset,CT_City_Journal_ChildIlex,/Assets/View?Path=%7B%22C%22%3A%7B%22B%22%3A%7B%22P%22%3A%5B%5D%7D%2C%22I%22%3A4%7D%2C%22D%22%3A7604%7D,sharedassets1.assets,/Collections/View?Path=%7B%22B%22%3A%7B%22P%22%3A%5B%5D%7D%2C%22I%22%3A4%7D
7605,TextAsset,OPC_Intact_DamageReport,/Assets/View?Path=%7B%22C%22%3A%7B%22B%22%3A%7B%22P%22%3A%5B%5D%7D%2C%22I%22%3A4%7D%2C%22D%22%3A7605%7D,sharedassets1.assets,/Collections/View?Path=%7B%22B%22%3A%7B%22P%22%3A%5B%5D%7D%2C%22I%22%3A4%7D
7606,TextAsset,C_Shuttle_InsideRecording,/Assets/View?Path=%7B%22C%22%3A%7B%22B%22%3A%7B%22P%22%3A%5B%5D%7D%2C%22I%22%3A4%7D%2C%22D%22%3A7606%7D,sharedassets1.assets,/Collections/View?Path=%7B%22B%22%3A%7B%22P%22%3A%5B%5D%7D%2C%22I%22%3A4%7D
7607,TextAsset,BH_Trail_SchoolDistrict,/Assets/View?Path=%7B%22C%22%3A%7B%22B%22%3A%7B%22P%22%3A%5B%5D%7D%2C%22I%22%3A4%7D%2C%22D%22%3A7607%7D,sharedassets1.assets,/Collections/View?Path=%7B%22B%22%3A%7B%22P%22%3A%5B%5D%7D%2C%22I%22%3A4%7D
7608,TextAsset,Feldspar_FuelStashNote,/Assets/View?Path=%7B%22C%22%3A%7B%22B%22%3A%7B%22P%22%3A%5B%5D%7D%2C%22I%22%3A4%7D%2C%22D%22%3A7608%7D,sharedassets1.assets,/Collections/View?Path=%7B%22B%22%3A%7B%22P%22%3A%5B%5D%7D%2C%22I%22%3A4%7D
7609,TextAsset,CT_EscapePod_CrashSiteRecording_2,/Assets/View?Path=%7B%22C%22%3A%7B%22B%22%3A%7B%22P%22%3A%5B%5D%7D%2C%22I%22%3A4%7D%2C%22D%22%3A7609%7D,sharedassets1.assets,/Collections/View?Path=%7B%22B%22%3A%7B%22P%22%3A%5B%5D%7D%2C%22I%22%3A4%7D
7610,TextAsset,CT_Trail_CityToFossilSite,/Assets/View?Path=%7B%22C%22%3A%7B%22B%22%3A%7B%22P%22%3A%5B%5D%7D%2C%22I%22%3A4%7D%2C%22D%22%3A7610%7D,sharedassets1.assets,/Collections/View?Path=%7B%22B%22%3A%7B%22P%22%3A%5B%5D%7D%2C%22I%22%3A4%7D
7611,TextAsset,TT_TimeLoop_Timeline_4,/Assets/View?Path=%7B%22C%22%3A%7B%22B%22%3A%7B%22P%22%3A%5B%5D%7D%2C%22I%22%3A4%7D%2C%22D%22%3A7611%7D,sharedassets1.assets,/Collections/View?Path=%7B%22B%22%3A%7B%22P%22%3A%5B%5D%7D%2C%22I%22%3A4%7D
7612,TextAsset,Moraine,/Assets/View?Path=%7B%22C%22%3A%7B%22B%22%3A%7B%22P%22%3A%5B%5D%7D%2C%22I%22%3A4%7D%2C%22D%22%3A7612%7D,sharedassets1.assets,/Collections/View?Path=%7B%22B%22%3A%7B%22P%22%3A%5B%5D%7D%2C%22I%22%3A4%7D
7613,TextAsset,QM_SolanumConvo_Response_Identify+Me,/Assets/View?Path=%7B%22C%22%3A%7B%22B%22%3A%7B%22P%22%3A%5B%5D%7D%2C%22I%22%3A4%7D%2C%22D%22%3A7613%7D,sharedassets1.assets,/Collections/View?Path=%7B%22B%22%3A%7B%22P%22%3A%5B%5D%7D%2C%22I%22%3A4%7D
7614,TextAsset,QM_SolanumConvo_Response_Identify+QuantumMoon,/Assets/View?Path=%7B%22C%22%3A%7B%22B%22%3A%7B%22P%22%3A%5B%5D%7D%2C%22I%22%3A4%7D%2C%22D%22%3A7614%7D,sharedassets1.assets,/Collections/View?Path=%7B%22B%22%3A%7B%22P%22%3A%5B%5D%7D%2C%22I%22%3A4%7D
7615,TextAsset,BH_EscapePod_CrashSiteRecording,/Assets/View?Path=%7B%22C%22%3A%7B%22B%22%3A%7B%22P%22%3A%5B%5D%7D%2C%22I%22%3A4%7D%2C%22D%22%3A7615%7D,sharedassets1.assets,/Collections/View?Path=%7B%22B%22%3A%7B%22P%22%3A%5B%5D%7D%2C%22I%22%3A4%7D
7616,TextAsset,QM_Shrine_QuantumClues_3,/Assets/View?Path=%7B%22C%22%3A%7B%22B%22%3A%7B%22P%22%3A%5B%5D%7D%2C%22I%22%3A4%7D%2C%22D%22%3A7616%7D,sharedassets1.assets,/Collections/View?Path=%7B%22B%22%3A%7B%22P%22%3A%5B%5D%7D%2C%22I%22%3A4%7D
7617,TextAsset,Hornfels,/Assets/View?Path=%7B%22C%22%3A%7B%22B%22%3A%7B%22P%22%3A%5B%5D%7D%2C%22I%22%3A4%7D%2C%22D%22%3A7617%7D,sharedassets1.assets,/Collections/View?Path=%7B%22B%22%3A%7B%22P%22%3A%5B%5D%7D%2C%22I%22%3A4%7D
7618,TextAsset,BH_Trail_ToCannonControls,/Assets/View?Path=%7B%22C%22%3A%7B%22B%22%3A%7B%22P%22%3A%5B%5D%7D%2C%22I%22%3A4%7D%2C%22D%22%3A7618%7D,sharedassets1.assets,/Collections/View?Path=%7B%22B%22%3A%7B%22P%22%3A%5B%5D%7D%2C%22I%22%3A4%7D
7619,TextAsset,Shared_OPC_Intact_OPC_Damaged,/Assets/View?Path=%7B%22C%22%3A%7B%22B%22%3A%7B%22P%22%3A%5B%5D%7D%2C%22I%22%3A4%7D%2C%22D%22%3A7619%7D,sharedassets1.assets,/Collections/View?Path=%7B%22B%22%3A%7B%22P%22%3A%5B%5D%7D%2C%22I%22%3A4%7D
7620,TextAsset,CT_Trail_CityToCannon,/Assets/View?Path=%7B%22C%22%3A%7B%22B%22%3A%7B%22P%22%3A%5B%5D%7D%2C%22I%22%3A4%7D%2C%22D%22%3A7620%7D,sharedassets1.assets,/Collections/View?Path=%7B%22B%22%3A%7B%22P%22%3A%5B%5D%7D%2C%22I%22%3A4%7D
7621,TextAsset,InvisiblePlanet,/Assets/View?Path=%7B%22C%22%3A%7B%22B%22%3A%7B%22P%22%3A%5B%5D%7D%2C%22I%22%3A4%7D%2C%22D%22%3A7621%7D,sharedassets1.assets,/Collections/View?Path=%7B%22B%22%3A%7B%22P%22%3A%5B%5D%7D%2C%22I%22%3A4%7D
7622,TextAsset,CT_City_KidDirectionToFossil_2,/Assets/View?Path=%7B%22C%22%3A%7B%22B%22%3A%7B%22P%22%3A%5B%5D%7D%2C%22I%22%3A4%7D%2C%22D%22%3A7622%7D,sharedassets1.assets,/Collections/View?Path=%7B%22B%22%3A%7B%22P%22%3A%5B%5D%7D%2C%22I%22%3A4%7D
7623,TextAsset,BH_OldSettlement_EyeCarving,/Assets/View?Path=%7B%22C%22%3A%7B%22B%22%3A%7B%22P%22%3A%5B%5D%7D%2C%22I%22%3A4%7D%2C%22D%22%3A7623%7D,sharedassets1.assets,/Collections/View?Path=%7B%22B%22%3A%7B%22P%22%3A%5B%5D%7D%2C%22I%22%3A4%7D
7624,TextAsset,CT_TLE_Entrance,/Assets/View?Path=%7B%22C%22%3A%7B%22B%22%3A%7B%22P%22%3A%5B%5D%7D%2C%22I%22%3A4%7D%2C%22D%22%3A7624%7D,sharedassets1.assets,/Collections/View?Path=%7B%22B%22%3A%7B%22P%22%3A%5B%5D%7D%2C%22I%22%3A4%7D
7625,TextAsset,Gabbro_3T,/Assets/View?Path=%7B%22C%22%3A%7B%22B%22%3A%7B%22P%22%3A%5B%5D%7D%2C%22I%22%3A4%7D%2C%22D%22%3A7625%7D,sharedassets1.assets,/Collections/View?Path=%7B%22B%22%3A%7B%22P%22%3A%5B%5D%7D%2C%22I%22%3A4%7D
7626,TextAsset,CT_EscapePod_PathToFossil,/Assets/View?Path=%7B%22C%22%3A%7B%22B%22%3A%7B%22P%22%3A%5B%5D%7D%2C%22I%22%3A4%7D%2C%22D%22%3A7626%7D,sharedassets1.assets,/Collections/View?Path=%7B%22B%22%3A%7B%22P%22%3A%5B%5D%7D%2C%22I%22%3A4%7D
7627,TextAsset,DB_EscapePod_CrashSiteRecording_1,/Assets/View?Path=%7B%22C%22%3A%7B%22B%22%3A%7B%22P%22%3A%5B%5D%7D%2C%22I%22%3A4%7D%2C%22D%22%3A7627%7D,sharedassets1.assets,/Collections/View?Path=%7B%22B%22%3A%7B%22P%22%3A%5B%5D%7D%2C%22I%22%3A4%7D
7628,TextAsset,NomaiStatuePlaque,/Assets/View?Path=%7B%22C%22%3A%7B%22B%22%3A%7B%22P%22%3A%5B%5D%7D%2C%22I%22%3A4%7D%2C%22D%22%3A7628%7D,sharedassets1.assets,/Collections/View?Path=%7B%22B%22%3A%7B%22P%22%3A%5B%5D%7D%2C%22I%22%3A4%7D
7629,TextAsset,GiantsDeep,/Assets/View?Path=%7B%22C%22%3A%7B%22B%22%3A%7B%22P%22%3A%5B%5D%7D%2C%22I%22%3A4%7D%2C%22D%22%3A7629%7D,sharedassets1.assets,/Collections/View?Path=%7B%22B%22%3A%7B%22P%22%3A%5B%5D%7D%2C%22I%22%3A4%7D
7630,TextAsset,BH_Trail_DownToHangingCity,/Assets/View?Path=%7B%22C%22%3A%7B%22B%22%3A%7B%22P%22%3A%5B%5D%7D%2C%22I%22%3A4%7D%2C%22D%22%3A7630%7D,sharedassets1.assets,/Collections/View?Path=%7B%22B%22%3A%7B%22P%22%3A%5B%5D%7D%2C%22I%22%3A4%7D
7631,TextAsset,Porphy,/Assets/View?Path=%7B%22C%22%3A%7B%22B%22%3A%7B%22P%22%3A%5B%5D%7D%2C%22I%22%3A4%7D%2C%22D%22%3A7631%7D,sharedassets1.assets,/Collections/View?Path=%7B%22B%22%3A%7B%22P%22%3A%5B%5D%7D%2C%22I%22%3A4%7D
7632,TextAsset,Hornfels_DeepFieldNotes_1,/Assets/View?Path=%7B%22C%22%3A%7B%22B%22%3A%7B%22P%22%3A%5B%5D%7D%2C%22I%22%3A4%7D%2C%22D%22%3A7632%7D,sharedassets1.assets,/Collections/View?Path=%7B%22B%22%3A%7B%22P%22%3A%5B%5D%7D%2C%22I%22%3A4%7D
7633,TextAsset,Riebeck_AttlerockRecording,/Assets/View?Path=%7B%22C%22%3A%7B%22B%22%3A%7B%22P%22%3A%5B%5D%7D%2C%22I%22%3A4%7D%2C%22D%22%3A7633%7D,sharedassets1.assets,/Collections/View?Path=%7B%22B%22%3A%7B%22P%22%3A%5B%5D%7D%2C%22I%22%3A4%7D
7634,TextAsset,C_Interior_FinalRecording,/Assets/View?Path=%7B%22C%22%3A%7B%22B%22%3A%7B%22P%22%3A%5B%5D%7D%2C%22I%22%3A4%7D%2C%22D%22%3A7634%7D,sharedassets1.assets,/Collections/View?Path=%7B%22B%22%3A%7B%22P%22%3A%5B%5D%7D%2C%22I%22%3A4%7D
7635,TextAsset,Shared_GD_StatueIsland_TT_TimeLoopInterior,/Assets/View?Path=%7B%22C%22%3A%7B%22B%22%3A%7B%22P%22%3A%5B%5D%7D%2C%22I%22%3A4%7D%2C%22D%22%3A7635%7D,sharedassets1.assets,/Collections/View?Path=%7B%22B%22%3A%7B%22P%22%3A%5B%5D%7D%2C%22I%22%3A4%7D
7636,TextAsset,QM_SolanumConvo_Response_QuantumMoon+You,/Assets/View?Path=%7B%22C%22%3A%7B%22B%22%3A%7B%22P%22%3A%5B%5D%7D%2C%22I%22%3A4%7D%2C%22D%22%3A7636%7D,sharedassets1.assets,/Collections/View?Path=%7B%22B%22%3A%7B%22P%22%3A%5B%5D%7D%2C%22I%22%3A4%7D
7637,TextAsset,ProbePlaque,/Assets/View?Path=%7B%22C%22%3A%7B%22B%22%3A%7B%22P%22%3A%5B%5D%7D%2C%22I%22%3A4%7D%2C%22D%22%3A7637%7D,sharedassets1.assets,/Collections/View?Path=%7B%22B%22%3A%7B%22P%22%3A%5B%5D%7D%2C%22I%22%3A4%7D
7638,TextAsset,Shared_OPC_Damaged_OPC_Sunken,/Assets/View?Path=%7B%22C%22%3A%7B%22B%22%3A%7B%22P%22%3A%5B%5D%7D%2C%22I%22%3A4%7D%2C%22D%22%3A7638%7D,sharedassets1.assets,/Collections/View?Path=%7B%22B%22%3A%7B%22P%22%3A%5B%5D%7D%2C%22I%22%3A4%7D
7639,TextAsset,TT_TimeLoop_RingShutdownLabel,/Assets/View?Path=%7B%22C%22%3A%7B%22B%22%3A%7B%22P%22%3A%5B%5D%7D%2C%22I%22%3A4%7D%2C%22D%22%3A7639%7D,sharedassets1.assets,/Collections/View?Path=%7B%22B%22%3A%7B%22P%22%3A%5B%5D%7D%2C%22I%22%3A4%7D
7640,TextAsset,CT_City_KidDirectionToFossil_1,/Assets/View?Path=%7B%22C%22%3A%7B%22B%22%3A%7B%22P%22%3A%5B%5D%7D%2C%22I%22%3A4%7D%2C%22D%22%3A7640%7D,sharedassets1.assets,/Collections/View?Path=%7B%22B%22%3A%7B%22P%22%3A%5B%5D%7D%2C%22I%22%3A4%7D
7641,TextAsset,SS_ApproximateTime,/Assets/View?Path=%7B%22C%22%3A%7B%22B%22%3A%7B%22P%22%3A%5B%5D%7D%2C%22I%22%3A4%7D%2C%22D%22%3A7641%7D,sharedassets1.assets,/Collections/View?Path=%7B%22B%22%3A%7B%22P%22%3A%5B%5D%7D%2C%22I%22%3A4%7D
7642,TextAsset,Riebeck_Journal_2,/Assets/View?Path=%7B%22C%22%3A%7B%22B%22%3A%7B%22P%22%3A%5B%5D%7D%2C%22I%22%3A4%7D%2C%22D%22%3A7642%7D,sharedassets1.assets,/Collections/View?Path=%7B%22B%22%3A%7B%22P%22%3A%5B%5D%7D%2C%22I%22%3A4%7D
7643,TextAsset,CT_City_LightSwitch_1,/Assets/View?Path=%7B%22C%22%3A%7B%22B%22%3A%7B%22P%22%3A%5B%5D%7D%2C%22I%22%3A4%7D%2C%22D%22%3A7643%7D,sharedassets1.assets,/Collections/View?Path=%7B%22B%22%3A%7B%22P%22%3A%5B%5D%7D%2C%22I%22%3A4%7D
7644,TextAsset,BH_Quantum_WindowNote,/Assets/View?Path=%7B%22C%22%3A%7B%22B%22%3A%7B%22P%22%3A%5B%5D%7D%2C%22I%22%3A4%7D%2C%22D%22%3A7644%7D,sharedassets1.assets,/Collections/View?Path=%7B%22B%22%3A%7B%22P%22%3A%5B%5D%7D%2C%22I%22%3A4%7D
7645,TextAsset,BH_Observatory_Computer,/Assets/View?Path=%7B%22C%22%3A%7B%22B%22%3A%7B%22P%22%3A%5B%5D%7D%2C%22I%22%3A4%7D%2C%22D%22%3A7645%7D,sharedassets1.assets,/Collections/View?Path=%7B%22B%22%3A%7B%22P%22%3A%5B%5D%7D%2C%22I%22%3A4%7D
7646,TextAsset,THM_SignalDish_2,/Assets/View?Path=%7B%22C%22%3A%7B%22B%22%3A%7B%22P%22%3A%5B%5D%7D%2C%22I%22%3A4%7D%2C%22D%22%3A7646%7D,sharedassets1.assets,/Collections/View?Path=%7B%22B%22%3A%7B%22P%22%3A%5B%5D%7D%2C%22I%22%3A4%7D
7647,TextAsset,BH_Trail_CannonToCrossroads,/Assets/View?Path=%7B%22C%22%3A%7B%22B%22%3A%7B%22P%22%3A%5B%5D%7D%2C%22I%22%3A4%7D%2C%22D%22%3A7647%7D,sharedassets1.assets,/Collections/View?Path=%7B%22B%22%3A%7B%22P%22%3A%5B%5D%7D%2C%22I%22%3A4%7D
7648,TextAsset,CT_Trail_ExperimentToPod,/Assets/View?Path=%7B%22C%22%3A%7B%22B%22%3A%7B%22P%22%3A%5B%5D%7D%2C%22I%22%3A4%7D%2C%22D%22%3A7648%7D,sharedassets1.assets,/Collections/View?Path=%7B%22B%22%3A%7B%22P%22%3A%5B%5D%7D%2C%22I%22%3A4%7D
7649,TextAsset,WH_WarpTowerInstructions,/Assets/View?Path=%7B%22C%22%3A%7B%22B%22%3A%7B%22P%22%3A%5B%5D%7D%2C%22I%22%3A4%7D%2C%22D%22%3A7649%7D,sharedassets1.assets,/Collections/View?Path=%7B%22B%22%3A%7B%22P%22%3A%5B%5D%7D%2C%22I%22%3A4%7D
7650,TextAsset,GD_Quantum_PuzzleHint_2,/Assets/View?Path=%7B%22C%22%3A%7B%22B%22%3A%7B%22P%22%3A%5B%5D%7D%2C%22I%22%3A4%7D%2C%22D%22%3A7650%7D,sharedassets1.assets,/Collections/View?Path=%7B%22B%22%3A%7B%22P%22%3A%5B%5D%7D%2C%22I%22%3A4%7D
7651,TextAsset,BH_OldSettlement_Flavor_4,/Assets/View?Path=%7B%22C%22%3A%7B%22B%22%3A%7B%22P%22%3A%5B%5D%7D%2C%22I%22%3A4%7D%2C%22D%22%3A7651%7D,sharedassets1.assets,/Collections/View?Path=%7B%22B%22%3A%7B%22P%22%3A%5B%5D%7D%2C%22I%22%3A4%7D
7652,TextAsset,BH_EscapePod_EmergencyExit,/Assets/View?Path=%7B%22C%22%3A%7B%22B%22%3A%7B%22P%22%3A%5B%5D%7D%2C%22I%22%3A4%7D%2C%22D%22%3A7652%7D,sharedassets1.assets,/Collections/View?Path=%7B%22B%22%3A%7B%22P%22%3A%5B%5D%7D%2C%22I%22%3A4%7D
7653,TextAsset,BH_City_EyeShrine_1,/Assets/View?Path=%7B%22C%22%3A%7B%22B%22%3A%7B%22P%22%3A%5B%5D%7D%2C%22I%22%3A4%7D%2C%22D%22%3A7653%7D,sharedassets1.assets,/Collections/View?Path=%7B%22B%22%3A%7B%22P%22%3A%5B%5D%7D%2C%22I%22%3A4%7D
7654,TextAsset,CT_QuantumMoonObservation_2,/Assets/View?Path=%7B%22C%22%3A%7B%22B%22%3A%7B%22P%22%3A%5B%5D%7D%2C%22I%22%3A4%7D%2C%22D%22%3A7654%7D,sharedassets1.assets,/Collections/View?Path=%7B%22B%22%3A%7B%22P%22%3A%5B%5D%7D%2C%22I%22%3A4%7D
7655,TextAsset,DB_Vessel_IncomingMessages,/Assets/View?Path=%7B%22C%22%3A%7B%22B%22%3A%7B%22P%22%3A%5B%5D%7D%2C%22I%22%3A4%7D%2C%22D%22%3A7655%7D,sharedassets1.assets,/Collections/View?Path=%7B%22B%22%3A%7B%22P%22%3A%5B%5D%7D%2C%22I%22%3A4%7D
7656,TextAsset,CT_Quantum_ColeusTrapped,/Assets/View?Path=%7B%22C%22%3A%7B%22B%22%3A%7B%22P%22%3A%5B%5D%7D%2C%22I%22%3A4%7D%2C%22D%22%3A7656%7D,sharedassets1.assets,/Collections/View?Path=%7B%22B%22%3A%7B%22P%22%3A%5B%5D%7D%2C%22I%22%3A4%7D
7657,TextAsset,CT_TLE_CityToExperimentHint,/Assets/View?Path=%7B%22C%22%3A%7B%22B%22%3A%7B%22P%22%3A%5B%5D%7D%2C%22I%22%3A4%7D%2C%22D%22%3A7657%7D,sharedassets1.assets,/Collections/View?Path=%7B%22B%22%3A%7B%22P%22%3A%5B%5D%7D%2C%22I%22%3A4%7D
7658,TextAsset,Riebeck_SouthPoleRecording,/Assets/View?Path=%7B%22C%22%3A%7B%22B%22%3A%7B%22P%22%3A%5B%5D%7D%2C%22I%22%3A4%7D%2C%22D%22%3A7658%7D,sharedassets1.assets,/Collections/View?Path=%7B%22B%22%3A%7B%22P%22%3A%5B%5D%7D%2C%22I%22%3A4%7D
7659,TextAsset,Chert_2,/Assets/View?Path=%7B%22C%22%3A%7B%22B%22%3A%7B%22P%22%3A%5B%5D%7D%2C%22I%22%3A4%7D%2C%22D%22%3A7659%7D,sharedassets1.assets,/Collections/View?Path=%7B%22B%22%3A%7B%22P%22%3A%5B%5D%7D%2C%22I%22%3A4%7D
7660,TextAsset,GhostMatterPlaque,/Assets/View?Path=%7B%22C%22%3A%7B%22B%22%3A%7B%22P%22%3A%5B%5D%7D%2C%22I%22%3A4%7D%2C%22D%22%3A7660%7D,sharedassets1.assets,/Collections/View?Path=%7B%22B%22%3A%7B%22P%22%3A%5B%5D%7D%2C%22I%22%3A4%7D
7661,TextAsset,Feldspar,/Assets/View?Path=%7B%22C%22%3A%7B%22B%22%3A%7B%22P%22%3A%5B%5D%7D%2C%22I%22%3A4%7D%2C%22D%22%3A7661%7D,sharedassets1.assets,/Collections/View?Path=%7B%22B%22%3A%7B%22P%22%3A%5B%5D%7D%2C%22I%22%3A4%7D
7662,TextAsset,CT_Cannon_LaunchShuttle,/Assets/View?Path=%7B%22C%22%3A%7B%22B%22%3A%7B%22P%22%3A%5B%5D%7D%2C%22I%22%3A4%7D%2C%22D%22%3A7662%7D,sharedassets1.assets,/Collections/View?Path=%7B%22B%22%3A%7B%22P%22%3A%5B%5D%7D%2C%22I%22%3A4%7D
7663,TextAsset,QM_SolanumConvo_Response_You+Me,/Assets/View?Path=%7B%22C%22%3A%7B%22B%22%3A%7B%22P%22%3A%5B%5D%7D%2C%22I%22%3A4%7D%2C%22D%22%3A7663%7D,sharedassets1.assets,/Collections/View?Path=%7B%22B%22%3A%7B%22P%22%3A%5B%5D%7D%2C%22I%22%3A4%7D
7664,TextAsset,QM_SolanumConvo_Response_Eye+You,/Assets/View?Path=%7B%22C%22%3A%7B%22B%22%3A%7B%22P%22%3A%5B%5D%7D%2C%22I%22%3A4%7D%2C%22D%22%3A7664%7D,sharedassets1.assets,/Collections/View?Path=%7B%22B%22%3A%7B%22P%22%3A%5B%5D%7D%2C%22I%22%3A4%7D
7665,TextAsset,TT_TimeLoop_Timeline_3c,/Assets/View?Path=%7B%22C%22%3A%7B%22B%22%3A%7B%22P%22%3A%5B%5D%7D%2C%22I%22%3A4%7D%2C%22D%22%3A7665%7D,sharedassets1.assets,/Collections/View?Path=%7B%22B%22%3A%7B%22P%22%3A%5B%5D%7D%2C%22I%22%3A4%7D
7666,TextAsset,BH_Trail_CrossroadsToArbor,/Assets/View?Path=%7B%22C%22%3A%7B%22B%22%3A%7B%22P%22%3A%5B%5D%7D%2C%22I%22%3A4%7D%2C%22D%22%3A7666%7D,sharedassets1.assets,/Collections/View?Path=%7B%22B%22%3A%7B%22P%22%3A%5B%5D%7D%2C%22I%22%3A4%7D
7667,TextAsset,TT_Tower_BH_1,/Assets/View?Path=%7B%22C%22%3A%7B%22B%22%3A%7B%22P%22%3A%5B%5D%7D%2C%22I%22%3A4%7D%2C%22D%22%3A7667%7D,sharedassets1.assets,/Collections/View?Path=%7B%22B%22%3A%7B%22P%22%3A%5B%5D%7D%2C%22I%22%3A4%7D
7668,TextAsset,CT_EscapePod_PathToCity_1b,/Assets/View?Path=%7B%22C%22%3A%7B%22B%22%3A%7B%22P%22%3A%5B%5D%7D%2C%22I%22%3A4%7D%2C%22D%22%3A7668%7D,sharedassets1.assets,/Collections/View?Path=%7B%22B%22%3A%7B%22P%22%3A%5B%5D%7D%2C%22I%22%3A4%7D
7669,TextAsset,BH_Trail_QuantumToCrossroads,/Assets/View?Path=%7B%22C%22%3A%7B%22B%22%3A%7B%22P%22%3A%5B%5D%7D%2C%22I%22%3A4%7D%2C%22D%22%3A7669%7D,sharedassets1.assets,/Collections/View?Path=%7B%22B%22%3A%7B%22P%22%3A%5B%5D%7D%2C%22I%22%3A4%7D
1319,TextAsset,TestMural,/Assets/View?Path=%7B%22C%22%3A%7B%22B%22%3A%7B%22P%22%3A%5B%5D%7D%2C%22I%22%3A5%7D%2C%22D%22%3A1319%7D,resources.assets,/Collections/View?Path=%7B%22B%22%3A%7B%22P%22%3A%5B%5D%7D%2C%22I%22%3A5%7D
1320,TextAsset,Test1,/Assets/View?Path=%7B%22C%22%3A%7B%22B%22%3A%7B%22P%22%3A%5B%5D%7D%2C%22I%22%3A5%7D%2C%22D%22%3A1320%7D,resources.assets,/Collections/View?Path=%7B%22B%22%3A%7B%22P%22%3A%5B%5D%7D%2C%22I%22%3A5%7D
1321,TextAsset,Test6,/Assets/View?Path=%7B%22C%22%3A%7B%22B%22%3A%7B%22P%22%3A%5B%5D%7D%2C%22I%22%3A5%7D%2C%22D%22%3A1321%7D,resources.assets,/Collections/View?Path=%7B%22B%22%3A%7B%22P%22%3A%5B%5D%7D%2C%22I%22%3A5%7D
1322,TextAsset,Translation,/Assets/View?Path=%7B%22C%22%3A%7B%22B%22%3A%7B%22P%22%3A%5B%5D%7D%2C%22I%22%3A5%7D%2C%22D%22%3A1322%7D,resources.assets,/Collections/View?Path=%7B%22B%22%3A%7B%22P%22%3A%5B%5D%7D%2C%22I%22%3A5%7D
1323,TextAsset,BillingMode,/Assets/View?Path=%7B%22C%22%3A%7B%22B%22%3A%7B%22P%22%3A%5B%5D%7D%2C%22I%22%3A5%7D%2C%22D%22%3A1323%7D,resources.assets,/Collections/View?Path=%7B%22B%22%3A%7B%22P%22%3A%5B%5D%7D%2C%22I%22%3A5%7D
1324,TextAsset,credits_krazy_playstation,/Assets/View?Path=%7B%22C%22%3A%7B%22B%22%3A%7B%22P%22%3A%5B%5D%7D%2C%22I%22%3A5%7D%2C%22D%22%3A1324%7D,resources.assets,/Collections/View?Path=%7B%22B%22%3A%7B%22P%22%3A%5B%5D%7D%2C%22I%22%3A5%7D
1325,TextAsset,Translation,/Assets/View?Path=%7B%22C%22%3A%7B%22B%22%3A%7B%22P%22%3A%5B%5D%7D%2C%22I%22%3A5%7D%2C%22D%22%3A1325%7D,resources.assets,/Collections/View?Path=%7B%22B%22%3A%7B%22P%22%3A%5B%5D%7D%2C%22I%22%3A5%7D
1326,TextAsset,credits_fast_epic,/Assets/View?Path=%7B%22C%22%3A%7B%22B%22%3A%7B%22P%22%3A%5B%5D%7D%2C%22I%22%3A5%7D%2C%22D%22%3A1326%7D,resources.assets,/Collections/View?Path=%7B%22B%22%3A%7B%22P%22%3A%5B%5D%7D%2C%22I%22%3A5%7D
1327,TextAsset,Translation,/Assets/View?Path=%7B%22C%22%3A%7B%22B%22%3A%7B%22P%22%3A%5B%5D%7D%2C%22I%22%3A5%7D%2C%22D%22%3A1327%7D,resources.assets,/Collections/View?Path=%7B%22B%22%3A%7B%22P%22%3A%5B%5D%7D%2C%22I%22%3A5%7D
1328,TextAsset,LICENSE,/Assets/View?Path=%7B%22C%22%3A%7B%22B%22%3A%7B%22P%22%3A%5B%5D%7D%2C%22I%22%3A5%7D%2C%22D%22%3A1328%7D,resources.assets,/Collections/View?Path=%7B%22B%22%3A%7B%22P%22%3A%5B%5D%7D%2C%22I%22%3A5%7D
1329,TextAsset,Test2,/Assets/View?Path=%7B%22C%22%3A%7B%22B%22%3A%7B%22P%22%3A%5B%5D%7D%2C%22I%22%3A5%7D%2C%22D%22%3A1329%7D,resources.assets,/Collections/View?Path=%7B%22B%22%3A%7B%22P%22%3A%5B%5D%7D%2C%22I%22%3A5%7D
1330,TextAsset,SunStationLinkToTimeLoopMesh,/Assets/View?Path=%7B%22C%22%3A%7B%22B%22%3A%7B%22P%22%3A%5B%5D%7D%2C%22I%22%3A5%7D%2C%22D%22%3A1330%7D,resources.assets,/Collections/View?Path=%7B%22B%22%3A%7B%22P%22%3A%5B%5D%7D%2C%22I%22%3A5%7D
1331,TextAsset,secretsettings_default,/Assets/View?Path=%7B%22C%22%3A%7B%22B%22%3A%7B%22P%22%3A%5B%5D%7D%2C%22I%22%3A5%7D%2C%22D%22%3A1331%7D,resources.assets,/Collections/View?Path=%7B%22B%22%3A%7B%22P%22%3A%5B%5D%7D%2C%22I%22%3A5%7D
1332,TextAsset,NomaiSignalDishMeshA,/Assets/View?Path=%7B%22C%22%3A%7B%22B%22%3A%7B%22P%22%3A%5B%5D%7D%2C%22I%22%3A5%7D%2C%22D%22%3A1332%7D,resources.assets,/Collections/View?Path=%7B%22B%22%3A%7B%22P%22%3A%5B%5D%7D%2C%22I%22%3A5%7D
1333,TextAsset,HologramLabel_01,/Assets/View?Path=%7B%22C%22%3A%7B%22B%22%3A%7B%22P%22%3A%5B%5D%7D%2C%22I%22%3A5%7D%2C%22D%22%3A1333%7D,resources.assets,/Collections/View?Path=%7B%22B%22%3A%7B%22P%22%3A%5B%5D%7D%2C%22I%22%3A5%7D
1334,TextAsset,Translation,/Assets/View?Path=%7B%22C%22%3A%7B%22B%22%3A%7B%22P%22%3A%5B%5D%7D%2C%22I%22%3A5%7D%2C%22D%22%3A1334%7D,resources.assets,/Collections/View?Path=%7B%22B%22%3A%7B%22P%22%3A%5B%5D%7D%2C%22I%22%3A5%7D
1335,TextAsset,credits_final_epic,/Assets/View?Path=%7B%22C%22%3A%7B%22B%22%3A%7B%22P%22%3A%5B%5D%7D%2C%22I%22%3A5%7D%2C%22D%22%3A1335%7D,resources.assets,/Collections/View?Path=%7B%22B%22%3A%7B%22P%22%3A%5B%5D%7D%2C%22I%22%3A5%7D
1336,TextAsset,XB1EventsManifest,/Assets/View?Path=%7B%22C%22%3A%7B%22B%22%3A%7B%22P%22%3A%5B%5D%7D%2C%22I%22%3A5%7D%2C%22D%22%3A1336%7D,resources.assets,/Collections/View?Path=%7B%22B%22%3A%7B%22P%22%3A%5B%5D%7D%2C%22I%22%3A5%7D
1337,TextAsset,credits_krazy_epic,/Assets/View?Path=%7B%22C%22%3A%7B%22B%22%3A%7B%22P%22%3A%5B%5D%7D%2C%22I%22%3A5%7D%2C%22D%22%3A1337%7D,resources.assets,/Collections/View?Path=%7B%22B%22%3A%7B%22P%22%3A%5B%5D%7D%2C%22I%22%3A5%7D
1338,TextAsset,Translation,/Assets/View?Path=%7B%22C%22%3A%7B%22B%22%3A%7B%22P%22%3A%5B%5D%7D%2C%22I%22%3A5%7D%2C%22D%22%3A1338%7D,resources.assets,/Collections/View?Path=%7B%22B%22%3A%7B%22P%22%3A%5B%5D%7D%2C%22I%22%3A5%7D
1339,TextAsset,Translation,/Assets/View?Path=%7B%22C%22%3A%7B%22B%22%3A%7B%22P%22%3A%5B%5D%7D%2C%22I%22%3A5%7D%2C%22D%22%3A1339%7D,resources.assets,/Collections/View?Path=%7B%22B%22%3A%7B%22P%22%3A%5B%5D%7D%2C%22I%22%3A5%7D
1340,TextAsset,Test5,/Assets/View?Path=%7B%22C%22%3A%7B%22B%22%3A%7B%22P%22%3A%5B%5D%7D%2C%22I%22%3A5%7D%2C%22D%22%3A1340%7D,resources.assets,/Collections/View?Path=%7B%22B%22%3A%7B%22P%22%3A%5B%5D%7D%2C%22I%22%3A5%7D
1341,TextAsset,UI_XML_fre,/Assets/View?Path=%7B%22C%22%3A%7B%22B%22%3A%7B%22P%22%3A%5B%5D%7D%2C%22I%22%3A5%7D%2C%22D%22%3A1341%7D,resources.assets,/Collections/View?Path=%7B%22B%22%3A%7B%22P%22%3A%5B%5D%7D%2C%22I%22%3A5%7D
1342,TextAsset,Translation,/Assets/View?Path=%7B%22C%22%3A%7B%22B%22%3A%7B%22P%22%3A%5B%5D%7D%2C%22I%22%3A5%7D%2C%22D%22%3A1342%7D,resources.assets,/Collections/View?Path=%7B%22B%22%3A%7B%22P%22%3A%5B%5D%7D%2C%22I%22%3A5%7D
1343,TextAsset,credits_krazy_xbox,/Assets/View?Path=%7B%22C%22%3A%7B%22B%22%3A%7B%22P%22%3A%5B%5D%7D%2C%22I%22%3A5%7D%2C%22D%22%3A1343%7D,resources.assets,/Collections/View?Path=%7B%22B%22%3A%7B%22P%22%3A%5B%5D%7D%2C%22I%22%3A5%7D
1344,TextAsset,Paratype End User License Agreement,/Assets/View?Path=%7B%22C%22%3A%7B%22B%22%3A%7B%22P%22%3A%5B%5D%7D%2C%22I%22%3A5%7D%2C%22D%22%3A1344%7D,resources.assets,/Collections/View?Path=%7B%22B%22%3A%7B%22P%22%3A%5B%5D%7D%2C%22I%22%3A5%7D
1345,TextAsset,GoToFire,/Assets/View?Path=%7B%22C%22%3A%7B%22B%22%3A%7B%22P%22%3A%5B%5D%7D%2C%22I%22%3A5%7D%2C%22D%22%3A1345%7D,resources.assets,/Collections/View?Path=%7B%22B%22%3A%7B%22P%22%3A%5B%5D%7D%2C%22I%22%3A5%7D
1346,TextAsset,HologramLabel_02,/Assets/View?Path=%7B%22C%22%3A%7B%22B%22%3A%7B%22P%22%3A%5B%5D%7D%2C%22I%22%3A5%7D%2C%22D%22%3A1346%7D,resources.assets,/Collections/View?Path=%7B%22B%22%3A%7B%22P%22%3A%5B%5D%7D%2C%22I%22%3A5%7D
1347,TextAsset,Test3,/Assets/View?Path=%7B%22C%22%3A%7B%22B%22%3A%7B%22P%22%3A%5B%5D%7D%2C%22I%22%3A5%7D%2C%22D%22%3A1347%7D,resources.assets,/Collections/View?Path=%7B%22B%22%3A%7B%22P%22%3A%5B%5D%7D%2C%22I%22%3A5%7D
1348,TextAsset,UIText,/Assets/View?Path=%7B%22C%22%3A%7B%22B%22%3A%7B%22P%22%3A%5B%5D%7D%2C%22I%22%3A5%7D%2C%22D%22%3A1348%7D,resources.assets,/Collections/View?Path=%7B%22B%22%3A%7B%22P%22%3A%5B%5D%7D%2C%22I%22%3A5%7D
1349,TextAsset,OFL,/Assets/View?Path=%7B%22C%22%3A%7B%22B%22%3A%7B%22P%22%3A%5B%5D%7D%2C%22I%22%3A5%7D%2C%22D%22%3A1349%7D,resources.assets,/Collections/View?Path=%7B%22B%22%3A%7B%22P%22%3A%5B%5D%7D%2C%22I%22%3A5%7D
1350,TextAsset,credits_fast_xbox,/Assets/View?Path=%7B%22C%22%3A%7B%22B%22%3A%7B%22P%22%3A%5B%5D%7D%2C%22I%22%3A5%7D%2C%22D%22%3A1350%7D,resources.assets,/Collections/View?Path=%7B%22B%22%3A%7B%22P%22%3A%5B%5D%7D%2C%22I%22%3A5%7D
1351,TextAsset,NomaiSignalDishMeshB,/Assets/View?Path=%7B%22C%22%3A%7B%22B%22%3A%7B%22P%22%3A%5B%5D%7D%2C%22I%22%3A5%7D%2C%22D%22%3A1351%7D,resources.assets,/Collections/View?Path=%7B%22B%22%3A%7B%22P%22%3A%5B%5D%7D%2C%22I%22%3A5%7D
1352,TextAsset,Translation,/Assets/View?Path=%7B%22C%22%3A%7B%22B%22%3A%7B%22P%22%3A%5B%5D%7D%2C%22I%22%3A5%7D%2C%22D%22%3A1352%7D,resources.assets,/Collections/View?Path=%7B%22B%22%3A%7B%22P%22%3A%5B%5D%7D%2C%22I%22%3A5%7D
1353,TextAsset,credits_krazy_steam,/Assets/View?Path=%7B%22C%22%3A%7B%22B%22%3A%7B%22P%22%3A%5B%5D%7D%2C%22I%22%3A5%7D%2C%22D%22%3A1353%7D,resources.assets,/Collections/View?Path=%7B%22B%22%3A%7B%22P%22%3A%5B%5D%7D%2C%22I%22%3A5%7D
1354,TextAsset,Translation,/Assets/View?Path=%7B%22C%22%3A%7B%22B%22%3A%7B%22P%22%3A%5B%5D%7D%2C%22I%22%3A5%7D%2C%22D%22%3A1354%7D,resources.assets,/Collections/View?Path=%7B%22B%22%3A%7B%22P%22%3A%5B%5D%7D%2C%22I%22%3A5%7D
1355,TextAsset,Translation,/Assets/View?Path=%7B%22C%22%3A%7B%22B%22%3A%7B%22P%22%3A%5B%5D%7D%2C%22I%22%3A5%7D%2C%22D%22%3A1355%7D,resources.assets,/Collections/View?Path=%7B%22B%22%3A%7B%22P%22%3A%5B%5D%7D%2C%22I%22%3A5%7D
1356,TextAsset,credits_final_playstation,/Assets/View?Path=%7B%22C%22%3A%7B%22B%22%3A%7B%22P%22%3A%5B%5D%7D%2C%22I%22%3A5%7D%2C%22D%22%3A1356%7D,resources.assets,/Collections/View?Path=%7B%22B%22%3A%7B%22P%22%3A%5B%5D%7D%2C%22I%22%3A5%7D
1357,TextAsset,Test,/Assets/View?Path=%7B%22C%22%3A%7B%22B%22%3A%7B%22P%22%3A%5B%5D%7D%2C%22I%22%3A5%7D%2C%22D%22%3A1357%7D,resources.assets,/Collections/View?Path=%7B%22B%22%3A%7B%22P%22%3A%5B%5D%7D%2C%22I%22%3A5%7D
1358,TextAsset,Translation,/Assets/View?Path=%7B%22C%22%3A%7B%22B%22%3A%7B%22P%22%3A%5B%5D%7D%2C%22I%22%3A5%7D%2C%22D%22%3A1358%7D,resources.assets,/Collections/View?Path=%7B%22B%22%3A%7B%22P%22%3A%5B%5D%7D%2C%22I%22%3A5%7D
1359,TextAsset,credits_final_steam,/Assets/View?Path=%7B%22C%22%3A%7B%22B%22%3A%7B%22P%22%3A%5B%5D%7D%2C%22I%22%3A5%7D%2C%22D%22%3A1359%7D,resources.assets,/Collections/View?Path=%7B%22B%22%3A%7B%22P%22%3A%5B%5D%7D%2C%22I%22%3A5%7D
1360,TextAsset,credits_fast_steam,/Assets/View?Path=%7B%22C%22%3A%7B%22B%22%3A%7B%22P%22%3A%5B%5D%7D%2C%22I%22%3A5%7D%2C%22D%22%3A1360%7D,resources.assets,/Collections/View?Path=%7B%22B%22%3A%7B%22P%22%3A%5B%5D%7D%2C%22I%22%3A5%7D
1361,TextAsset,credits_final_xbox,/Assets/View?Path=%7B%22C%22%3A%7B%22B%22%3A%7B%22P%22%3A%5B%5D%7D%2C%22I%22%3A5%7D%2C%22D%22%3A1361%7D,resources.assets,/Collections/View?Path=%7B%22B%22%3A%7B%22P%22%3A%5B%5D%7D%2C%22I%22%3A5%7D
1362,TextAsset,UI_XML_eng,/Assets/View?Path=%7B%22C%22%3A%7B%22B%22%3A%7B%22P%22%3A%5B%5D%7D%2C%22I%22%3A5%7D%2C%22D%22%3A1362%7D,resources.assets,/Collections/View?Path=%7B%22B%22%3A%7B%22P%22%3A%5B%5D%7D%2C%22I%22%3A5%7D
1363,TextAsset,credits_fast_playstation,/Assets/View?Path=%7B%22C%22%3A%7B%22B%22%3A%7B%22P%22%3A%5B%5D%7D%2C%22I%22%3A5%7D%2C%22D%22%3A1363%7D,resources.assets,/Collections/View?Path=%7B%22B%22%3A%7B%22P%22%3A%5B%5D%7D%2C%22I%22%3A5%7D
1364,TextAsset,Test4,/Assets/View?Path=%7B%22C%22%3A%7B%22B%22%3A%7B%22P%22%3A%5B%5D%7D%2C%22I%22%3A5%7D%2C%22D%22%3A1364%7D,resources.assets,/Collections/View?Path=%7B%22B%22%3A%7B%22P%22%3A%5B%5D%7D%2C%22I%22%3A5%7D
1365,TextAsset,COPYING,/Assets/View?Path=%7B%22C%22%3A%7B%22B%22%3A%7B%22P%22%3A%5B%5D%7D%2C%22I%22%3A5%7D%2C%22D%22%3A1365%7D,resources.assets,/Collections/View?Path=%7B%22B%22%3A%7B%22P%22%3A%5B%5D%7D%2C%22I%22%3A5%7D
1366,TextAsset,Translation,/Assets/View?Path=%7B%22C%22%3A%7B%22B%22%3A%7B%22P%22%3A%5B%5D%7D%2C%22I%22%3A5%7D%2C%22D%22%3A1366%7D,resources.assets,/Collections/View?Path=%7B%22B%22%3A%7B%22P%22%3A%5B%5D%7D%2C%22I%22%3A5%7D
